circle,division,subdivision,section,area,catdesc,catcode,totservices,billdservices,units,load,month,station_name
BANJARA HILLS,GREEN LANDS,SANATH NAGAR,BORABANDA,GRC HV BORABANDA,EV CHARGING STATIONS,9,1,1.0,1830,53.0,2025-08-01,GRC HV BORABANDA
BANJARA HILLS,GREEN LANDS,GREENLANDS,BEGUMPET,"GRC - P.GADDA, P.NAGAR",EV CHARGING STATIONS,9,1,1.0,727,10.0,2025-08-01,"GRC - P.GADDA, P.NAGAR"
BANJARA HILLS,GREEN LANDS,GREENLANDS,BEGUMPET,GRC. SHYAMLAL,EV CHARGING STATIONS,9,1,1.0,217,22.0,2025-08-01,GRC. SHYAMLAL
BANJARA HILLS,GREEN LANDS,GREENLANDS,GREENLANDS,GRC HV GREENLANDS,EV CHARGING STATIONS,9,1,1.0,168,10.0,2025-08-01,GRC HV GREENLANDS
BANJARA HILLS,GREEN LANDS,SANATH NAGAR,ERRAGADDA,NEW ERRAGADDA-BANJARA NAGAR,EV CHARGING STATIONS,9,1,1.0,6183,25.0,2025-08-01,NEW ERRAGADDA-BANJARA NAGAR
BANJARA HILLS,GREEN LANDS,SANATH NAGAR,MOTHI NAGAR,GRC HV MOTINAGAR,EV CHARGING STATIONS,9,1,1.0,459,11.0,2025-08-01,GRC HV MOTINAGAR
BANJARA HILLS,GREEN LANDS,GREENLANDS,SANJEEV REDDY NAGAR,CT METERS,EV CHARGING STATIONS,9,1,1.0,7155,53.0,2025-08-01,CT METERS
BANJARA HILLS,BANJARA HILLS,BANJARA HILLS,BANJARA HILLS,HV ROAD NO 2 AND 3,EV CHARGING STATIONS,9,2,2.0,1327,108.0,2025-08-01,HV ROAD NO 2 AND 3
BANJARA HILLS,BANJARA HILLS,BANJARA HILLS,BANJARA HILLS,"HV ROAD NO 7,8,9,10 AND 11",EV CHARGING STATIONS,9,1,1.0,3475,54.0,2025-08-01,"HV ROAD NO 7,8,9,10 AND 11"
BANJARA HILLS,BANJARA HILLS,AMEERPET,YELLA REDDY GUDA,GRC HIGH VALUES,EV CHARGING STATIONS,9,1,1.0,10175,53.0,2025-08-01,GRC HIGH VALUES
BANJARA HILLS,BANJARA HILLS,JUBILEE HILLS,JUBILEE HILLS,HV ROAD 22 TO 35,EV CHARGING STATIONS,9,1,1.0,0,50.0,2025-08-01,HV ROAD 22 TO 35
BANJARA HILLS,BANJARA HILLS,JUBILEE HILLS,JUBILEE HILLS,HV ROAD NO 56 TO 68 & 10 TO 22,EV CHARGING STATIONS,9,2,2.0,2287,69.0,2025-08-01,HV ROAD NO 56 TO 68 & 10 TO 22
BANJARA HILLS,BANJARA HILLS,JUBILEE HILLS,MADHAPUR,"JAYABHERI ENCLAVE, OFFI BESIDE",EV CHARGING STATIONS,9,4,3.0,36409,182.0,2025-08-01,"JAYABHERI ENCLAVE, OFFI BESIDE"
BANJARA HILLS,BANJARA HILLS,JUBILEE HILLS,MADHAPUR,KAVURI HILLS,EV CHARGING STATIONS,9,2,2.0,7630,107.0,2025-08-01,KAVURI HILLS
BANJARA HILLS,BANJARA HILLS,AMEERPET,YOUSUFGUDA,PRAGATHINAGAR-1,EV CHARGING STATIONS,9,1,1.0,88,8.0,2025-08-01,PRAGATHINAGAR-1
BANJARA HILLS,BANJARA HILLS,JUBILEE HILLS,MADHAPUR,"VITTAL RAO NAGAR,GAFOORNAGAR",EV CHARGING STATIONS,9,2,,0,3.0,2025-08-01,"VITTAL RAO NAGAR,GAFOORNAGAR"
BANJARA HILLS,BANJARA HILLS,AMEERPET,SRI KRISHNA NAGAR,CT METERS-GRC,EV CHARGING STATIONS,9,3,3.0,7015,162.0,2025-08-01,CT METERS-GRC
BANJARA HILLS,BANJARA HILLS,BANJARA HILLS,FILM NAGAR,GRC HIGH VALUES RDNO-12&13 BAN,EV CHARGING STATIONS,9,1,1.0,0,54.0,2025-08-01,GRC HIGH VALUES RDNO-12&13 BAN
BANJARA HILLS,BANJARA HILLS,BANJARA HILLS,FILM NAGAR,GRC-JUBILEE HILLS &FILM NAGAR ,EV CHARGING STATIONS,9,2,2.0,8113,109.0,2025-08-01,GRC-JUBILEE HILLS &FILM NAGAR 
CYBERCITY,IBRAHIMBAGH,IBRAHIMBAG,IBRAHIMBAGH,LAKSHMI NAGAR,EV CHARGING STATIONS,9,1,1.0,1670,7.0,2025-08-01,LAKSHMI NAGAR
CYBERCITY,IBRAHIMBAGH,IBRAHIMBAG,IBRAHIMBAGH,POKALWADA,EV CHARGING STATIONS,9,1,1.0,14154,55.0,2025-08-01,POKALWADA
CYBERCITY,IBRAHIMBAGH,CHEVELLA,CHEVELLA,KESARAM(C),EV CHARGING STATIONS,9,1,,0,60.0,2025-08-01,KESARAM(C)
CYBERCITY,IBRAHIMBAGH,IBRAHIMBAG,NARSINGI,IBRAHIMBAGH,EV CHARGING STATIONS,9,1,1.0,3721,54.0,2025-08-01,IBRAHIMBAGH
CYBERCITY,IBRAHIMBAGH,IBRAHIMBAG,NARSINGI,NARSINGI,EV CHARGING STATIONS,9,1,,0,54.0,2025-08-01,NARSINGI
CYBERCITY,IBRAHIMBAGH,IBRAHIMBAG,NARSINGI,RAMDEVGUDA,EV CHARGING STATIONS,9,1,1.0,2840,54.0,2025-08-01,RAMDEVGUDA
CYBERCITY,GACHIBOWLI,CHANDA NAGAR,CHANDA NAGAR,CHANDANAGAR-HV,EV CHARGING STATIONS,9,1,1.0,25,22.0,2025-08-01,CHANDANAGAR-HV
CYBERCITY,KONDAPUR,KPHB,BALAJI NAGAR,KHAITHALAPUR  CT METERS ,EV CHARGING STATIONS,9,1,1.0,0,54.0,2025-08-01,KHAITHALAPUR  CT METERS 
CYBERCITY,GACHIBOWLI,CHANDA NAGAR,CHANDA NAGAR,PRKASHNAGAR,EV CHARGING STATIONS,9,1,1.0,3182,12.0,2025-08-01,PRKASHNAGAR
CYBERCITY,GACHIBOWLI,CHANDA NAGAR,CHANDA NAGAR,SAIKRUPA APPARTMENTS,EV CHARGING STATIONS,9,1,1.0,185,11.0,2025-08-01,SAIKRUPA APPARTMENTS
CYBERCITY,KONDAPUR,KPHB,BALAJI NAGAR,MOOSAPET,EV CHARGING STATIONS,9,1,1.0,9732,5.0,2025-08-01,MOOSAPET
CYBERCITY,KONDAPUR,KPHB,BALAJI NAGAR,VIVEKNAGAR,EV CHARGING STATIONS,9,4,4.0,9529,167.0,2025-08-01,VIVEKNAGAR
CYBERCITY,GACHIBOWLI,CHANDA NAGAR,HAFEEZPET,MIYAPUR HV,EV CHARGING STATIONS,9,2,2.0,13658,98.0,2025-08-01,MIYAPUR HV
CYBERCITY,KONDAPUR,KPHB,K P H B COLONY,HV,EV CHARGING STATIONS,9,2,2.0,0,108.0,2025-08-01,HV
CYBERCITY,KONDAPUR,KPHB,K P H B COLONY,KPHB COLONY,EV CHARGING STATIONS,9,2,2.0,8224,108.0,2025-08-01,KPHB COLONY
CYBERCITY,GACHIBOWLI,GACHIBOWLI,TARANAGAR,TARANAGAR GOVT,EV CHARGING STATIONS,9,3,3.0,11625,161.0,2025-08-01,TARANAGAR GOVT
CYBERCITY,GACHIBOWLI,CHANDA NAGAR,VASANTH NAGAR,GOPALA NAGAR,EV CHARGING STATIONS,9,1,1.0,10224,34.0,2025-08-01,GOPALA NAGAR
CYBERCITY,GACHIBOWLI,CHANDA NAGAR,VASANTH NAGAR,PRAJAY MEGAPOLIS PVT LTD,EV CHARGING STATIONS,9,2,2.0,0,4.0,2025-08-01,PRAJAY MEGAPOLIS PVT LTD
CYBERCITY,GACHIBOWLI,GACHIBOWLI,GACHIBOWLI,CT TELECOMNAGAR,EV CHARGING STATIONS,9,1,1.0,0,54.0,2025-08-01,CT TELECOMNAGAR
CYBERCITY,KONDAPUR,KONDAPUR,ALLAPUR,H.V,EV CHARGING STATIONS,9,1,1.0,2416,53.0,2025-08-01,H.V
CYBERCITY,KONDAPUR,KONDAPUR,ALLAPUR,"H.V AYYAPPA,GURUKUL,THANDA",EV CHARGING STATIONS,9,1,1.0,28,15.0,2025-08-01,"H.V AYYAPPA,GURUKUL,THANDA"
CYBERCITY,GACHIBOWLI,GACHIBOWLI,GACHIBOWLI,CT-APHB COLONY,EV CHARGING STATIONS,9,6,6.0,39658,300.0,2025-08-01,CT-APHB COLONY
CYBERCITY,GACHIBOWLI,GACHIBOWLI,GACHIBOWLI,HV GACHIBOWLI,EV CHARGING STATIONS,9,1,1.0,0,54.0,2025-08-01,HV GACHIBOWLI
CYBERCITY,GACHIBOWLI,GACHIBOWLI,GACHIBOWLI,HV GOWLI DODDI,EV CHARGING STATIONS,9,1,1.0,6476,55.0,2025-08-01,HV GOWLI DODDI
CYBERCITY,KONDAPUR,KONDAPUR,KONDAPUR,HV-3,EV CHARGING STATIONS,9,2,1.0,13464,103.0,2025-08-01,HV-3
CYBERCITY,GACHIBOWLI,GACHIBOWLI,GACHIBOWLI,HV KHAJAGUDA,EV CHARGING STATIONS,9,1,1.0,5934,54.0,2025-08-01,HV KHAJAGUDA
CYBERCITY,GACHIBOWLI,GACHIBOWLI,GACHIBOWLI,HV NANAKRAMGUDA,EV CHARGING STATIONS,9,1,1.0,10582,54.0,2025-08-01,HV NANAKRAMGUDA
CYBERCITY,GACHIBOWLI,GACHIBOWLI,GACHIBOWLI,JOURNALIST COLONY ,EV CHARGING STATIONS,9,1,1.0,1877,5.0,2025-08-01,JOURNALIST COLONY 
CYBERCITY,GACHIBOWLI,GACHIBOWLI,GACHIBOWLI,NANAKRAMGUDA-2,EV CHARGING STATIONS,9,2,2.0,10225,57.0,2025-08-01,NANAKRAMGUDA-2
CYBERCITY,KONDAPUR,KONDAPUR,KONDAPUR,RAGHAVENDRA CLNY,EV CHARGING STATIONS,9,1,1.0,572,9.0,2025-08-01,RAGHAVENDRA CLNY
CYBERCITY,KONDAPUR,KONDAPUR,KONDAPUR,SHILPA VALLY,EV CHARGING STATIONS,9,1,1.0,0,5.0,2025-08-01,SHILPA VALLY
CYBERCITY,KONDAPUR,KONDAPUR,WHITE FIELD,GACHIBOWLI,EV CHARGING STATIONS,9,2,2.0,2384,106.0,2025-08-01,GACHIBOWLI
CYBERCITY,KONDAPUR,KONDAPUR,WHITE FIELD,HV WHITEFIELD,EV CHARGING STATIONS,9,1,1.0,0,52.0,2025-08-01,HV WHITEFIELD
CYBERCITY,GACHIBOWLI,GACHIBOWLI,NALLAGANDLA,GULMOHAR & DUBE COLONY,EV CHARGING STATIONS,9,1,1.0,5130,54.0,2025-08-01,GULMOHAR & DUBE COLONY
CYBERCITY,KONDAPUR,KPHB,BALAJI NAGAR,BALAJINAGAR CT METERS,EV CHARGING STATIONS,9,1,1.0,5550,56.0,2025-08-01,BALAJINAGAR CT METERS
GADWAL,GADWAL,ALAMPUR X ROAD,UNDAVELLY,UNDAVELLY,EV CHARGING STATIONS,9,1,1.0,650,30.0,2025-08-01,UNDAVELLY
GADWAL,GADWAL,ALAMPUR X ROAD,ITIKYAL(ERRAVALLY),PUTANDODDI,EV CHARGING STATIONS,9,1,1.0,219,25.0,2025-08-01,PUTANDODDI
GADWAL,GADWAL,ALAMPUR X ROAD,ITIKYAL(ERRAVALLY),VEMULA,EV CHARGING STATIONS,9,1,1.0,1127,50.0,2025-08-01,VEMULA
GADWAL,GADWAL,ALAMPUR X ROAD,UNDAVELLY,A.PURCHOWRASTA,EV CHARGING STATIONS,9,3,3.0,9759,131.0,2025-08-01,A.PURCHOWRASTA
HABSIGUDA,KEESARA,KEESARA,KEESARA,KEESARA VILLAGE,EV CHARGING STATIONS,9,1,1.0,0,54.0,2025-08-01,KEESARA VILLAGE
HABSIGUDA,KEESARA,GHATKESAR,MEDIPALLY,HV CT METERS C.C & MEDIPALLY,EV CHARGING STATIONS,9,1,1.0,0,54.0,2025-08-01,HV CT METERS C.C & MEDIPALLY
HABSIGUDA,KEESARA,KEESARA,NAGARAM,NAGARAM,EV CHARGING STATIONS,9,1,,0,15.0,2025-08-01,NAGARAM
HABSIGUDA,KEESARA,GHATKESAR,NARAPALLY,MEDIPALLY CT METER SERVICES,EV CHARGING STATIONS,9,1,1.0,1575,54.0,2025-08-01,MEDIPALLY CT METER SERVICES
HABSIGUDA,KEESARA,GHATKESAR,NARAPALLY,NARAPALLY CT METER SERVICES,EV CHARGING STATIONS,9,2,2.0,812,108.0,2025-08-01,NARAPALLY CT METER SERVICES
HABSIGUDA,KEESARA,GHATKESAR,PEERJADIGUDA,HV PEERZADIGUDA,EV CHARGING STATIONS,9,1,1.0,0,54.0,2025-08-01,HV PEERZADIGUDA
HABSIGUDA,KEESARA,GHATKESAR,GHATKESAR,GHATKESAR,EV CHARGING STATIONS,9,3,3.0,26,162.0,2025-08-01,GHATKESAR
HABSIGUDA,HABSIGUDA,HABSIGUDA,HABSIGUDA,JAI SANTHOSHI NAGAR,EV CHARGING STATIONS,9,1,1.0,0,28.0,2025-08-01,JAI SANTHOSHI NAGAR
HABSIGUDA,HABSIGUDA,UPPAL,UPPAL BAGAYATH,HV IDA UPPAL,EV CHARGING STATIONS,9,2,2.0,3527,83.92,2025-08-01,HV IDA UPPAL
HABSIGUDA,SAINIKPURI,A S RAO NAGAR,NEREDMET,R.K PURAM,EV CHARGING STATIONS,9,1,1.0,3242,53.0,2025-08-01,R.K PURAM
HABSIGUDA,SAINIKPURI,SAINIKPURI,YAPRAL,JJ NAGAR VAMPUGUDA-CT METERS,EV CHARGING STATIONS,9,4,4.0,4651,173.0,2025-08-01,JJ NAGAR VAMPUGUDA-CT METERS
HABSIGUDA,SAINIKPURI,SAINIKPURI,YAPRAL,KOWKOOR NON CT SERVICES,EV CHARGING STATIONS,9,1,1.0,733,14.0,2025-08-01,KOWKOOR NON CT SERVICES
HABSIGUDA,SAINIKPURI,SAINIKPURI,KUSHAIGUDA,JAMMIIGADDA HV,EV CHARGING STATIONS,9,1,1.0,0,54.0,2025-08-01,JAMMIIGADDA HV
HABSIGUDA,SAINIKPURI,SAINIKPURI,YAPRAL,MAITHRI V.GUDA NON CT SERVICES,EV CHARGING STATIONS,9,2,2.0,4985,35.0,2025-08-01,MAITHRI V.GUDA NON CT SERVICES
HABSIGUDA,SAINIKPURI,MALKAJGIRI,MALKAJGIRI,HV (CT METER),EV CHARGING STATIONS,9,1,1.0,1896,53.0,2025-08-01,HV (CT METER)
HABSIGUDA,SAINIKPURI,A S RAO NAGAR,A S RAO NAGAR,ASRAO NAGAR (HV),EV CHARGING STATIONS,9,1,1.0,5096,54.0,2025-08-01,ASRAO NAGAR (HV)
HABSIGUDA,HABSIGUDA,HABSIGUDA,MALLAPUR,IDA MALLAPUR LT,EV CHARGING STATIONS,9,1,1.0,1222,17.0,2025-08-01,IDA MALLAPUR LT
HABSIGUDA,HABSIGUDA,HABSIGUDA,MALLAPUR,LT/HT SERVICES MALLAPUR,EV CHARGING STATIONS,9,1,1.0,496,54.0,2025-08-01,LT/HT SERVICES MALLAPUR
HABSIGUDA,SAINIKPURI,A S RAO NAGAR,A S RAO NAGAR,KAMALA NAGAR (HV),EV CHARGING STATIONS,9,1,1.0,1119,54.0,2025-08-01,KAMALA NAGAR (HV)
HABSIGUDA,SAINIKPURI,A S RAO NAGAR,A S RAO NAGAR,M J COLONY,EV CHARGING STATIONS,9,1,1.0,2464,17.0,2025-08-01,M J COLONY
HABSIGUDA,SAINIKPURI,CHERLAPALLY,CHERLAPALLY-I,PHASE - V (5),EV CHARGING STATIONS,9,1,1.0,196,54.0,2025-08-01,PHASE - V (5)
HABSIGUDA,SAINIKPURI,A S RAO NAGAR,A S RAO NAGAR,MOULA - ALI (HV),EV CHARGING STATIONS,9,1,1.0,529,22.0,2025-08-01,MOULA - ALI (HV)
HABSIGUDA,SAINIKPURI,CHERLAPALLY,CHERLAPALLY-I,PHASE-III (3),EV CHARGING STATIONS,9,1,1.0,1365,54.0,2025-08-01,PHASE-III (3)
HABSIGUDA,SAINIKPURI,CHERLAPALLY,CHERLAPALLY-I,PHASE-IV(4),EV CHARGING STATIONS,9,1,1.0,5609,54.0,2025-08-01,PHASE-IV(4)
HABSIGUDA,HABSIGUDA,HABSIGUDA,MALLAPUR,SRINIVASA SCHOOL,EV CHARGING STATIONS,9,1,1.0,3936,14.0,2025-08-01,SRINIVASA SCHOOL
HABSIGUDA,HABSIGUDA,HABSIGUDA,MALLAPUR,STREET LIGHTS & PWS,EV CHARGING STATIONS,9,1,1.0,1482,54.0,2025-08-01,STREET LIGHTS & PWS
HABSIGUDA,HABSIGUDA,UPPAL,RAMANTHAPUR,RAMANTHAPUR,EV CHARGING STATIONS,9,3,3.0,2901,162.0,2025-08-01,RAMANTHAPUR
HABSIGUDA,HABSIGUDA,HABSIGUDA,NACHARAM,CT METERS DOMESTIC AREA,EV CHARGING STATIONS,9,2,2.0,0,108.0,2025-08-01,CT METERS DOMESTIC AREA
HABSIGUDA,SAINIKPURI,A S RAO NAGAR,MOULAALI,HV-I,EV CHARGING STATIONS,9,1,1.0,0,54.0,2025-08-01,HV-I
HABSIGUDA,SAINIKPURI,CHERLAPALLY,CHERLAPALLY-II,N N COLONY,EV CHARGING STATIONS,9,1,1.0,547,40.0,2025-08-01,N N COLONY
HABSIGUDA,HABSIGUDA,HABSIGUDA,NACHARAM,IDA NACHARAM,EV CHARGING STATIONS,9,2,2.0,880,28.65,2025-08-01,IDA NACHARAM
HABSIGUDA,HABSIGUDA,HABSIGUDA,NACHARAM,KOUNDINYA NAGAR,EV CHARGING STATIONS,9,1,1.0,3192,28.0,2025-08-01,KOUNDINYA NAGAR
HABSIGUDA,SAINIKPURI,CHERLAPALLY,CHERLAPALLY-II,PHASE-II(2) KRUPP,EV CHARGING STATIONS,9,1,1.0,0,54.0,2025-08-01,PHASE-II(2) KRUPP
HABSIGUDA,SAINIKPURI,CHERLAPALLY,CHERLAPALLY-II,PHASE-IIA (6) OFFICE BACK SIDE,EV CHARGING STATIONS,9,1,1.0,658,54.0,2025-08-01,PHASE-IIA (6) OFFICE BACK SIDE
HABSIGUDA,HABSIGUDA,HABSIGUDA,NACHARAM,NACHARAM HV CT METERS,EV CHARGING STATIONS,9,2,2.0,2566,69.0,2025-08-01,NACHARAM HV CT METERS
HABSIGUDA,HABSIGUDA,UPPAL,UPPAL,ANNAPURNA NAGAR,EV CHARGING STATIONS,9,1,1.0,1669,54.0,2025-08-01,ANNAPURNA NAGAR
HABSIGUDA,HABSIGUDA,UPPAL,UPPAL,BEERAPPAGADDA,EV CHARGING STATIONS,9,1,1.0,712,54.0,2025-08-01,BEERAPPAGADDA
HABSIGUDA,SAINIKPURI,A S RAO NAGAR,MOULAALI,OLD MOULALI,EV CHARGING STATIONS,9,1,1.0,2811,15.0,2025-08-01,OLD MOULALI
HABSIGUDA,SAINIKPURI,A S RAO NAGAR,MOULAALI,SADULLA NAGAR,EV CHARGING STATIONS,9,1,1.0,72,5.0,2025-08-01,SADULLA NAGAR
HABSIGUDA,SAINIKPURI,SAINIKPURI,KUSHAIGUDA, HV / HV,EV CHARGING STATIONS,9,1,1.0,1696,54.0,2025-08-01, HV / HV
HABSIGUDA,SAINIKPURI,SAINIKPURI,SAINIKPURI,SAINIKPURI,EV CHARGING STATIONS,9,1,1.0,4702,54.0,2025-08-01,SAINIKPURI
HABSIGUDA,SAINIKPURI,A S RAO NAGAR,MOULAALI,UPPERGUDA,EV CHARGING STATIONS,9,2,2.0,0,4.0,2025-08-01,UPPERGUDA
HABSIGUDA,SAINIKPURI,SAINIKPURI,SAINIKPURI,SANIKPURI,EV CHARGING STATIONS,9,1,1.0,0,11.0,2025-08-01,SANIKPURI
HABSIGUDA,HABSIGUDA,UPPAL,BODUPPAL,HV LI  VENUGOPAL,EV CHARGING STATIONS,9,1,1.0,0,54.0,2025-08-01,HV LI  VENUGOPAL
HABSIGUDA,HABSIGUDA,UPPAL,UPPAL,UPPAL,EV CHARGING STATIONS,9,1,1.0,5656,54.0,2025-08-01,UPPAL
HABSIGUDA,SAINIKPURI,SAINIKPURI,SAINIKPURI,SRINIVAS NAGAR 2,EV CHARGING STATIONS,9,1,1.0,0,2.0,2025-08-01,SRINIVAS NAGAR 2
HABSIGUDA,HABSIGUDA,HABSIGUDA,HABSIGUDA,HBG (CTM),EV CHARGING STATIONS,9,1,1.0,0,54.0,2025-08-01,HBG (CTM)
HABSIGUDA,HABSIGUDA,UPPAL,UPPAL BAGAYATH,HV BAGAYATH,EV CHARGING STATIONS,9,1,1.0,0,54.0,2025-08-01,HV BAGAYATH
HABSIGUDA,HABSIGUDA,UPPAL,UPPAL BAGAYATH,HV CT METERS,EV CHARGING STATIONS,9,2,2.0,7713,108.0,2025-08-01,HV CT METERS
HYDERABAD CENTRAL,AZAMABAD,AMBERPET,GOLNAKA,MARUTHI NAGAR,EV CHARGING STATIONS,9,1,1.0,0,17.0,2025-08-01,MARUTHI NAGAR
HYDERABAD CENTRAL,SAIFABAD,INDIRA PARK,KAVADIGUDA,GRC CT SECTION,EV CHARGING STATIONS,9,3,3.0,7117,162.0,2025-08-01,GRC CT SECTION
HYDERABAD CENTRAL,MEHDIPATNAM,MEHDIPATNAM,SURYANAGAR,GRC CT METERS,EV CHARGING STATIONS,9,1,1.0,0,54.0,2025-08-01,GRC CT METERS
HYDERABAD CENTRAL,MEHDIPATNAM,MEHDIPATNAM,SURYANAGAR,GRC HV SURYA NAGAR,EV CHARGING STATIONS,9,1,1.0,5561,21.0,2025-08-01,GRC HV SURYA NAGAR
HYDERABAD CENTRAL,AZAMABAD,BARKATPURA,SHANKARMUTT,CT METER,EV CHARGING STATIONS,9,1,1.0,1835,54.0,2025-08-01,CT METER
HYDERABAD CENTRAL,AZAMABAD,BARKATPURA,SHANKARMUTT,GRC HV SHANKARMUTT,EV CHARGING STATIONS,9,1,1.0,64,15.0,2025-08-01,GRC HV SHANKARMUTT
HYDERABAD CENTRAL,SAIFABAD,HYDERGUDA,GUNFOUNDRY,"FATE MAINDAN, K VENUGOPALA CHA",EV CHARGING STATIONS,9,1,1.0,3527,54.0,2025-08-01,"FATE MAINDAN, K VENUGOPALA CHA"
HYDERABAD CENTRAL,SAIFABAD,HYDERGUDA,HIMAYAT NAGAR,GRC- ASSISTANT ENGINEER,EV CHARGING STATIONS,9,1,1.0,5531,54.0,2025-08-01,GRC- ASSISTANT ENGINEER
HYDERABAD CENTRAL,SAIFABAD,SAIFABAD,SAIFABAD,BJR COLLEGE ROAD,EV CHARGING STATIONS,9,1,1.0,12041,54.0,2025-08-01,BJR COLLEGE ROAD
HYDERABAD CENTRAL,SAIFABAD,SAIFABAD,SAIFABAD,BOAT CLUB (HYDERABAD),EV CHARGING STATIONS,9,3,3.0,5876,161.0,2025-08-01,BOAT CLUB (HYDERABAD)
HYDERABAD CENTRAL,SAIFABAD,SAIFABAD,SAIFABAD,MCH OFFICE KHAIRATABAD,EV CHARGING STATIONS,9,1,1.0,6785,40.0,2025-08-01,MCH OFFICE KHAIRATABAD
HYDERABAD CENTRAL,SAIFABAD,SAIFABAD,SOMAJIGUDA,AMRUTHA ESTATE(MEDINOVA),EV CHARGING STATIONS,9,1,1.0,132,54.0,2025-08-01,AMRUTHA ESTATE(MEDINOVA)
HYDERABAD CENTRAL,SAIFABAD,SAIFABAD,SOMAJIGUDA,KAPADIA LANE,EV CHARGING STATIONS,9,1,1.0,1715,22.0,2025-08-01,KAPADIA LANE
HYDERABAD CENTRAL,SAIFABAD,HYDERGUDA,ABIDS,GRC-1,EV CHARGING STATIONS,9,1,1.0,5814,54.0,2025-08-01,GRC-1
HYDERABAD CENTRAL,MEHDIPATNAM,GOLCONDA,GOLCONDA,GRC HV GOLCONDA,EV CHARGING STATIONS,9,1,1.0,4693,54.0,2025-08-01,GRC HV GOLCONDA
HYDERABAD CENTRAL,MEHDIPATNAM,A.C.GUARDS,VIJAYA NAGAR COLONY,GRC CT METERS V N COLONY,EV CHARGING STATIONS,9,1,1.0,2241,53.0,2025-08-01,GRC CT METERS V N COLONY
HYDERABAD SOUTH,BEGUM BAZAR,SEETHARAM BAGH,DATTATREYA COLONY,GRCHV DATTACOLONY,EV CHARGING STATIONS,9,1,1.0,2495,18.0,2025-08-01,GRCHV DATTACOLONY
HYDERABAD SOUTH,BEGUM BAZAR,TROOP BAZAR,TROOP BAZAR,GRC CT (SLI),EV CHARGING STATIONS,9,1,1.0,0,54.0,2025-08-01,GRC CT (SLI)
HYDERABAD SOUTH,BEGUM BAZAR,BEGUM BAZAR,CHUDI BAZAR,GRCHV CHUDIBAZAR,EV CHARGING STATIONS,9,1,1.0,0,22.0,2025-08-01,GRCHV CHUDIBAZAR
HYDERABAD SOUTH,BEGUM BAZAR,TROOP BAZAR,PUTLI BOWLI,PUTHLIBOWLI GRC CT METERS,EV CHARGING STATIONS,9,1,1.0,0,54.0,2025-08-01,PUTHLIBOWLI GRC CT METERS
HYDERABAD SOUTH,CHARMINAR,CHARMINAR,MOGHAL PURA,GRC SERVICES,EV CHARGING STATIONS,9,1,1.0,2216,10.0,2025-08-01,GRC SERVICES
HYDERABAD SOUTH,CHARMINAR,FALAKNUMA,FALAKNUMA,GRC,EV CHARGING STATIONS,9,1,1.0,1937,12.0,2025-08-01,GRC
HYDERABAD SOUTH,ASMANGADH,ASMANGADH,SAIDABAD,TOTAL HV SERVICES,EV CHARGING STATIONS,9,1,1.0,2698,50.0,2025-08-01,TOTAL HV SERVICES
HYDERABAD SOUTH,CHARMINAR,MIR ALAM,KISHANBAGH,BHARATH NAGAR,EV CHARGING STATIONS,9,1,1.0,0,5.0,2025-08-01,BHARATH NAGAR
HYDERABAD SOUTH,ASMANGADH,CHANCHALGUDA,CHANCHALGUDA,SHAH COLONY,EV CHARGING STATIONS,9,1,1.0,4240,12.0,2025-08-01,SHAH COLONY
MAHABOOBNAGAR,JADCHERLA,JADCHERLA,JADCHERLA RURAL,AE CT JADCHERLA RURAL,EV CHARGING STATIONS,9,5,5.0,17834,216.0,2025-08-01,AE CT JADCHERLA RURAL
MAHABOOBNAGAR,JADCHERLA,RAJAPUR,RAJAPUR,RANGAREDDYGUDA,EV CHARGING STATIONS,9,1,1.0,682,30.0,2025-08-01,RANGAREDDYGUDA
MAHABOOBNAGAR,JADCHERLA,JADCHERLA,ADDAKAL,AE CT ADDAKAL,EV CHARGING STATIONS,9,1,1.0,2370,54.0,2025-08-01,AE CT ADDAKAL
MAHABOOBNAGAR,MAHABOOBNAGAR,MBNR-RURAL,C AND O,APPANNAPALLY,EV CHARGING STATIONS,9,1,1.0,591,7.0,2025-08-01,APPANNAPALLY
MAHABOOBNAGAR,MAHABOOBNAGAR,MBNR-TOWN,TOWN -I,TOWN-I,EV CHARGING STATIONS,9,1,1.0,0,54.0,2025-08-01,TOWN-I
MAHABOOBNAGAR,MAHABOOBNAGAR,MBNR-TOWN,TOWN -II,TOWN-II,EV CHARGING STATIONS,9,1,1.0,0,54.0,2025-08-01,TOWN-II
MAHABOOBNAGAR,JADCHERLA,JADCHERLA,BHOOTHPUR,LINE INSPECTOR-1,EV CHARGING STATIONS,9,1,1.0,0,54.0,2025-08-01,LINE INSPECTOR-1
MAHABOOBNAGAR,MAHABOOBNAGAR,MBNR-RURAL,GANDEED,AE CT GANDEED,EV CHARGING STATIONS,9,1,1.0,0,54.0,2025-08-01,AE CT GANDEED
MAHABOOBNAGAR,JADCHERLA,JADCHERLA,JADCHERLA,AE CT JADCHERLA TOWN,EV CHARGING STATIONS,9,1,1.0,28,25.0,2025-08-01,AE CT JADCHERLA TOWN
MAHABOOBNAGAR,JADCHERLA,JADCHERLA,MOOSAPET,LINE INSPECTOR-2,EV CHARGING STATIONS,9,1,1.0,0,54.0,2025-08-01,LINE INSPECTOR-2
MAHABOOBNAGAR,JADCHERLA,RAJAPUR,BALANAGAR,BALANAGAR,EV CHARGING STATIONS,9,3,3.0,0,160.0,2025-08-01,BALANAGAR
MAHABOOBNAGAR,MAHABOOBNAGAR,MBNR-TOWN,TOWN -III,TOWN - III -GA,EV CHARGING STATIONS,9,1,1.0,1084,7.0,2025-08-01,TOWN - III -GA
MAHABOOBNAGAR,MAHABOOBNAGAR,MBNR-TOWN,TOWN -III,TOWN - III -PE,EV CHARGING STATIONS,9,2,2.0,739,15.0,2025-08-01,TOWN - III -PE
MAHABOOBNAGAR,MAHABOOBNAGAR,MBNR-TOWN,TOWN -III,TOWN-III AE,EV CHARGING STATIONS,9,1,1.0,1158,30.0,2025-08-01,TOWN-III AE
MAHABOOBNAGAR,JADCHERLA,RAJAPUR,BALANAGAR,KETHIREDDYPALLY,EV CHARGING STATIONS,9,1,1.0,0,25.0,2025-08-01,KETHIREDDYPALLY
MAHABOOBNAGAR,MAHABOOBNAGAR,DEVARAKADRA,DEVARKADRA,DEVARKADRA,EV CHARGING STATIONS,9,1,1.0,0,54.0,2025-08-01,DEVARKADRA
MEDAK,TOOPRAN,TOOPRAN,MASAIPET,MASAIPET,EV CHARGING STATIONS,9,2,2.0,36,107.0,2025-08-01,MASAIPET
MEDAK,MEDAK,NARSAPOOR,NARASAPOOR,NARSAPUR TOWN-1 EDLABAZAR,EV CHARGING STATIONS,9,1,1.0,0,54.0,2025-08-01,NARSAPUR TOWN-1 EDLABAZAR
MEDAK,TOOPRAN,RAMAYAMPET,NARSINGHI,VALLORE,EV CHARGING STATIONS,9,1,1.0,0,54.0,2025-08-01,VALLORE
MEDAK,TOOPRAN,TOOPRAN,TOOPRAN,NAGULAPALLY,EV CHARGING STATIONS,9,1,1.0,88,54.0,2025-08-01,NAGULAPALLY
MEDAK,TOOPRAN,TOOPRAN,TOOPRAN,TOOPRAN,EV CHARGING STATIONS,9,2,2.0,0,108.0,2025-08-01,TOOPRAN
MEDAK,MEDAK,NARSAPOOR,KOWDIPALLY,KOWDIPALLY,EV CHARGING STATIONS,9,1,1.0,1,54.0,2025-08-01,KOWDIPALLY
MEDAK,TOOPRAN,TOOPRAN,KALKALL,MANOHARABAD,EV CHARGING STATIONS,9,1,1.0,439,54.0,2025-08-01,MANOHARABAD
MEDAK,TOOPRAN,TOOPRAN,KALKALL,MUPPUREDDYPALLY,EV CHARGING STATIONS,9,1,1.0,879,54.0,2025-08-01,MUPPUREDDYPALLY
MEDCHAL,KUKATPALLY,MIYAPUR,HYDERNAGAR,MAYURI NAGAR,EV CHARGING STATIONS,9,1,,0,2.0,2025-08-01,MAYURI NAGAR
MEDCHAL,KUKATPALLY,MIYAPUR,MIYAPUR,MIYAPUR CT,EV CHARGING STATIONS,9,1,1.0,1,54.0,2025-08-01,MIYAPUR CT
MEDCHAL,KUKATPALLY,KUKATPALLY,ALLWYN COLONY,V. NAGAR,EV CHARGING STATIONS,9,1,1.0,6891,31.0,2025-08-01,V. NAGAR
MEDCHAL,KUKATPALLY,MIYAPUR,NIZAMPET,NIZAMPET CT,EV CHARGING STATIONS,9,1,1.0,2377,45.0,2025-08-01,NIZAMPET CT
MEDCHAL,KUKATPALLY,KUKATPALLY,BHAGYA NAGAR,HMT COLONY,EV CHARGING STATIONS,9,1,1.0,2032,54.0,2025-08-01,HMT COLONY
MEDCHAL,KUKATPALLY,MIYAPUR,VEMANA COLONY,CTMETER,EV CHARGING STATIONS,9,1,1.0,798,20.0,2025-08-01,CTMETER
MEDCHAL,KUKATPALLY,KUKATPALLY,KUKATPALLY, NON CT (KKP),EV CHARGING STATIONS,9,1,1.0,5841,22.0,2025-08-01, NON CT (KKP)
MEDCHAL,KUKATPALLY,KUKATPALLY,KUKATPALLY,HVCT KKP,EV CHARGING STATIONS,9,1,1.0,2165,50.0,2025-08-01,HVCT KKP
MEDCHAL,KUKATPALLY,MIYAPUR,BACHUPALLY,CT&HV,EV CHARGING STATIONS,9,3,3.0,1413,130.0,2025-08-01,CT&HV
MEDCHAL,KUKATPALLY,MIYAPUR,BACHUPALLY,SRI SAI NAGAR,EV CHARGING STATIONS,9,1,1.0,98,8.0,2025-08-01,SRI SAI NAGAR
MEDCHAL,KUKATPALLY,MIYAPUR,HYDERNAGAR,B K ENCLAVE,EV CHARGING STATIONS,9,1,1.0,3211,5.0,2025-08-01,B K ENCLAVE
MEDCHAL,KUKATPALLY,MIYAPUR,HYDERNAGAR,HYDERNAGAR,EV CHARGING STATIONS,9,1,1.0,1643,53.0,2025-08-01,HYDERNAGAR
MEDCHAL,KUKATPALLY,MIYAPUR,HYDERNAGAR,HYDERNAGAR CT METERS,EV CHARGING STATIONS,9,2,1.0,20,68.0,2025-08-01,HYDERNAGAR CT METERS
MEDCHAL,MEDCHAL,MEDCHAL,MEDCHAL TOWN,HV INDUSTRIAL AREA ,EV CHARGING STATIONS,9,1,1.0,1,54.0,2025-08-01,HV INDUSTRIAL AREA 
MEDCHAL,MEDCHAL,MEDCHAL,MEDCHAL TOWN,HV TOWN,EV CHARGING STATIONS,9,1,1.0,775,54.0,2025-08-01,HV TOWN
MEDCHAL,MEDCHAL,QUTBULLAPUR,GAJULARAMARAM,HV GAJULARAMARAM,EV CHARGING STATIONS,9,2,2.0,1,108.0,2025-08-01,HV GAJULARAMARAM
MEDCHAL,MEDCHAL,QUTBULLAPUR,PETBASHEERABAD,JEEDIMETLA HV,EV CHARGING STATIONS,9,1,1.0,0,54.0,2025-08-01,JEEDIMETLA HV
MEDCHAL,MEDCHAL,QUTBULLAPUR,GAJULARAMARAM,MAHADEVAPURAM,EV CHARGING STATIONS,9,1,1.0,0,54.0,2025-08-01,MAHADEVAPURAM
MEDCHAL,MEDCHAL,QUTBULLAPUR,PETBASHEERABAD,PET BASHEERABAD,EV CHARGING STATIONS,9,2,2.0,6180,108.0,2025-08-01,PET BASHEERABAD
MEDCHAL,MEDCHAL,MEDCHAL,GUNDLAPOCHAMPALLY,HIGH VALUE,EV CHARGING STATIONS,9,1,1.0,2998,40.0,2025-08-01,HIGH VALUE
MEDCHAL,MEDCHAL,MEDCHAL,GUNDLAPOCHAMPALLY,KANDLAKOYA,EV CHARGING STATIONS,9,1,1.0,1049,54.0,2025-08-01,KANDLAKOYA
MEDCHAL,MEDCHAL,MEDCHAL,MEDCHAL RURAL,ATTIVELLY HV,EV CHARGING STATIONS,9,2,2.0,1369,75.0,2025-08-01,ATTIVELLY HV
MEDCHAL,MEDCHAL,SHAMEERPET,ALIABAD,MAJEEDPUR,EV CHARGING STATIONS,9,1,1.0,3,54.0,2025-08-01,MAJEEDPUR
MEDCHAL,MEDCHAL,SHAMEERPET,ALIABAD,MURAHARIPALLY,EV CHARGING STATIONS,9,1,1.0,0,54.0,2025-08-01,MURAHARIPALLY
MEDCHAL,MEDCHAL,QUTBULLAPUR,JAGADGIRI GUTTA,DEVAMMA BASTHI,EV CHARGING STATIONS,9,1,,0,2.0,2025-08-01,DEVAMMA BASTHI
MEDCHAL,MEDCHAL,SHAMEERPET,ALIABAD,THURKAPALLY,EV CHARGING STATIONS,9,2,2.0,2603,108.0,2025-08-01,THURKAPALLY
MEDCHAL,MEDCHAL,QUTBULLAPUR,KOMPALLY,AMR ROAD CENTRAL PARK,EV CHARGING STATIONS,9,1,1.0,1322,38.0,2025-08-01,AMR ROAD CENTRAL PARK
MEDCHAL,MEDCHAL,QUTBULLAPUR,QUTHBULLAPUR,QPUR VILLAGE AUTOSTAND,EV CHARGING STATIONS,9,1,,0,2.0,2025-08-01,QPUR VILLAGE AUTOSTAND
MEDCHAL,MEDCHAL,QUTBULLAPUR,QUTHBULLAPUR,QUTHBULLAPUR,EV CHARGING STATIONS,9,1,1.0,7450,54.0,2025-08-01,QUTHBULLAPUR
MEDCHAL,MEDCHAL,SHAMEERPET,SHAMEERPET,CELEBRITY,EV CHARGING STATIONS,9,1,1.0,109,8.0,2025-08-01,CELEBRITY
MEDCHAL,MEDCHAL,QUTBULLAPUR,KOMPALLY,DHOLARI DHANI & POCHAMMA GADDA,EV CHARGING STATIONS,9,1,1.0,8,30.0,2025-08-01,DHOLARI DHANI & POCHAMMA GADDA
MEDCHAL,MEDCHAL,SHAMEERPET,SHAMEERPET,SHAMEERPET,EV CHARGING STATIONS,9,1,1.0,1236,54.0,2025-08-01,SHAMEERPET
MEDCHAL,MEDCHAL,QUTBULLAPUR,KOMPALLY,KOMPALLY HV,EV CHARGING STATIONS,9,1,1.0,724,22.0,2025-08-01,KOMPALLY HV
MEDCHAL,MEDCHAL,SHAMEERPET,SHAMEERPET,THUMUKUNTA,EV CHARGING STATIONS,9,2,2.0,1736,84.0,2025-08-01,THUMUKUNTA
MEDCHAL,JEEDIMETLA,JEEDIMETLA,JEEDIMETLA(IDA),I D A,EV CHARGING STATIONS,9,1,1.0,0,54.0,2025-08-01,I D A
MEDCHAL,JEEDIMETLA,SHAPUR NAGAR,SHAPURNAGAR,IDA JEEDIMETLA,EV CHARGING STATIONS,9,1,1.0,0,54.0,2025-08-01,IDA JEEDIMETLA
MEDCHAL,JEEDIMETLA,SHAPUR NAGAR,SHAPURNAGAR,PHASE-4 IDA JEEDIMETLA,EV CHARGING STATIONS,9,1,1.0,3324,54.0,2025-08-01,PHASE-4 IDA JEEDIMETLA
MEDCHAL,JEEDIMETLA,SHAPUR NAGAR,D P PALLY,D.P.PALLY HV(GRP M),EV CHARGING STATIONS,9,1,1.0,1974,54.0,2025-08-01,D.P.PALLY HV(GRP M)
MEDCHAL,JEEDIMETLA,JEEDIMETLA,BOWRAMPET,HV GM  TO SR X ROAD,EV CHARGING STATIONS,9,2,2.0,2635,99.0,2025-08-01,HV GM  TO SR X ROAD
MEDCHAL,JEEDIMETLA,SHAPUR NAGAR,D P PALLY,GAGILAPUR HV(GRP M),EV CHARGING STATIONS,9,2,2.0,218,108.0,2025-08-01,GAGILAPUR HV(GRP M)
NAGARKURNOOL,NAGARKURNOOL,NAGARKURNOOL,NAGARKURNOOL,NGKLT-07.EDDAMMA GUDI,EV CHARGING STATIONS,9,1,1.0,0,54.0,2025-08-01,NGKLT-07.EDDAMMA GUDI
NAGARKURNOOL,NAGARKURNOOL,KALWAKURTHY,KALWAKURTHY,MARCHALA,EV CHARGING STATIONS,9,1,1.0,1157,54.0,2025-08-01,MARCHALA
NAGARKURNOOL,NAGARKURNOOL,ACHAMPET,AMARABAD,MANNANOOR,EV CHARGING STATIONS,9,1,1.0,349,54.0,2025-08-01,MANNANOOR
NAGARKURNOOL,NAGARKURNOOL,KALWAKURTHY,VANGOOR,VELUMALA PALLY,EV CHARGING STATIONS,9,1,1.0,3391,54.0,2025-08-01,VELUMALA PALLY
NAGARKURNOOL,NAGARKURNOOL,ACHAMPET,ACHAMPET,ACHAMPET HV AND STLWW-1,EV CHARGING STATIONS,9,1,1.0,14,54.0,2025-08-01,ACHAMPET HV AND STLWW-1
NAGARKURNOOL,NAGARKURNOOL,ACHAMPET,ACHAMPET,ACHAMPET HV AND STLWW-3,EV CHARGING STATIONS,9,1,1.0,0,54.0,2025-08-01,ACHAMPET HV AND STLWW-3
NALGONDA,MIRYALGUDA,MIRYALGUDA,MIRYALAGUDA(RURAL),YADAGARPALLY,EV CHARGING STATIONS,9,1,1.0,0,54.0,2025-08-01,YADAGARPALLY
NALGONDA,DEVARAKONDA,NAMPALLY,CHINTHAPALLI,CHINTHAPALLY X ROAD,EV CHARGING STATIONS,9,1,1.0,0,54.0,2025-08-01,CHINTHAPALLY X ROAD
NALGONDA,DEVARAKONDA,NAMPALLY,CHINTHAPALLI,GODIKONDLA,EV CHARGING STATIONS,9,1,1.0,0,54.0,2025-08-01,GODIKONDLA
NALGONDA,MIRYALGUDA,VEMULAPALLY,DAMARACHARLA,DAMERACHERLA,EV CHARGING STATIONS,9,1,1.0,0,54.0,2025-08-01,DAMERACHERLA
NALGONDA,MIRYALGUDA,MIRYALGUDA,MIRYALAGUDA(RURAL),GUDUR,EV CHARGING STATIONS,9,2,2.0,0,108.0,2025-08-01,GUDUR
NALGONDA,MIRYALGUDA,MIRYALGUDA,MIRYALAGUDA(RURAL),KISTAPURAM,EV CHARGING STATIONS,9,1,1.0,0,54.0,2025-08-01,KISTAPURAM
NALGONDA,MIRYALGUDA,HALIA,PEDAVURA,PEDDAVOORA,EV CHARGING STATIONS,9,1,1.0,0,54.0,2025-08-01,PEDDAVOORA
NALGONDA,DEVARAKONDA,DEVARAKONDA,DEVARAKONDA,DEVARAKONDA,EV CHARGING STATIONS,9,1,1.0,0,54.0,2025-08-01,DEVARAKONDA
NALGONDA,NALGONDA,NALGONDA RURAL,NARKETPALLY,GOPALAIPALLY,EV CHARGING STATIONS,9,1,1.0,7406,54.0,2025-08-01,GOPALAIPALLY
NALGONDA,NALGONDA,NALGONDA RURAL,NARKETPALLY,GOPLAIPALLY,EV CHARGING STATIONS,9,2,2.0,2123,108.0,2025-08-01,GOPLAIPALLY
NALGONDA,MIRYALGUDA,VEMULAPALLY,MADUGULAPALLY,KOTTAGUDEM,EV CHARGING STATIONS,9,1,1.0,0,43.0,2025-08-01,KOTTAGUDEM
NALGONDA,NALGONDA,NALGONDA RURAL,NARKETPALLY,NARKETPALLY TOWN2,EV CHARGING STATIONS,9,1,1.0,0,18.0,2025-08-01,NARKETPALLY TOWN2
NALGONDA,MIRYALGUDA,VEMULAPALLY,VEMULAPALLY,SETTI PALEM,EV CHARGING STATIONS,9,1,1.0,0,54.0,2025-08-01,SETTI PALEM
NALGONDA,NALGONDA,NALGONDA,NALGONDA TOWN III,GANDHAMVARIGUDA,EV CHARGING STATIONS,9,1,1.0,138,25.0,2025-08-01,GANDHAMVARIGUDA
NALGONDA,NALGONDA,NALGONDA,NALGONDA TOWN III,NALGONDA-DVK ROAD,EV CHARGING STATIONS,9,1,1.0,1567,30.0,2025-08-01,NALGONDA-DVK ROAD
NALGONDA,NALGONDA,NALGONDA RURAL,CHITYAL,VATTIMARTHY,EV CHARGING STATIONS,9,1,1.0,3069,54.0,2025-08-01,VATTIMARTHY
NALGONDA,NALGONDA,NALGONDA RURAL,THIPPARTHY,A.D.PALLY,EV CHARGING STATIONS,9,1,1.0,40,54.0,2025-08-01,A.D.PALLY
NALGONDA,NALGONDA,NAKREKAL,KATTANGUR,PAMANGUNDLA,EV CHARGING STATIONS,9,2,2.0,47,48.0,2025-08-01,PAMANGUNDLA
NALGONDA,NALGONDA,NALGONDA RURAL,CHITYAL,VELIMINEDU,EV CHARGING STATIONS,9,1,1.0,37,54.0,2025-08-01,VELIMINEDU
NALGONDA,NALGONDA,NAKREKAL,KATTANGUR,KATTANGUR,EV CHARGING STATIONS,9,2,2.0,28,108.0,2025-08-01,KATTANGUR
NALGONDA,NALGONDA,NALGONDA RURAL,THIPPARTHY,J.R.GUDA,EV CHARGING STATIONS,9,1,1.0,35,54.0,2025-08-01,J.R.GUDA
NALGONDA,NALGONDA,NAKREKAL,KETHAPALLI,CHEEKATIGUDEM,EV CHARGING STATIONS,9,1,1.0,16,54.0,2025-08-01,CHEEKATIGUDEM
NALGONDA,NALGONDA,NAKREKAL,KETHAPALLI,INUPAMULA,EV CHARGING STATIONS,9,1,1.0,31,54.0,2025-08-01,INUPAMULA
NALGONDA,NALGONDA,NALGONDA RURAL,CHITYAL,CHITYALA(HQ)- A,EV CHARGING STATIONS,9,1,1.0,0,54.0,2025-08-01,CHITYALA(HQ)- A
NALGONDA,NALGONDA,NALGONDA RURAL,CHITYAL,GUNDRAMPALLY,EV CHARGING STATIONS,9,3,3.0,33,104.0,2025-08-01,GUNDRAMPALLY
NALGONDA,NALGONDA,NALGONDA RURAL,CHITYAL,PEDDAKAPARTHY,EV CHARGING STATIONS,9,3,3.0,6581,159.0,2025-08-01,PEDDAKAPARTHY
NALGONDA,NALGONDA,NALGONDA RURAL,THIPPARTHY,THIPPARTHY,EV CHARGING STATIONS,9,1,1.0,19,54.0,2025-08-01,THIPPARTHY
NALGONDA,DEVARAKONDA,DEVARAKONDA,KONDA MALLEPALLY,SAGAR ROAD JP,EV CHARGING STATIONS,9,1,1.0,1752,30.0,2025-08-01,SAGAR ROAD JP
RAJENDRA NAGAR,SHADNAGAR,KOTHUR,KOTHUR,THIMMAPUR-KT,EV CHARGING STATIONS,9,1,1.0,0,54.0,2025-08-01,THIMMAPUR-KT
RAJENDRA NAGAR,SHADNAGAR,SHADNAGAR,SHADNAGAR RURAL,CT METERS SDNR RURAL,EV CHARGING STATIONS,9,3,3.0,198,110.0,2025-08-01,CT METERS SDNR RURAL
RAJENDRA NAGAR,RAJENDRA NAGAR,GAGANPAHAD,GAGANPAHAD,GAGANPAHAD,EV CHARGING STATIONS,9,2,2.0,1405,76.0,2025-08-01,GAGANPAHAD
RAJENDRA NAGAR,RAJENDRA NAGAR,SHAMSHABAD,SHAPOOR,PALMAKOLE,EV CHARGING STATIONS,9,1,1.0,0,54.0,2025-08-01,PALMAKOLE
RAJENDRA NAGAR,KANDUKUR,MAMIDIPALLY,MAHESHWARAM,IMAMGUDA,EV CHARGING STATIONS,9,1,1.0,142,15.0,2025-08-01,IMAMGUDA
RAJENDRA NAGAR,RAJENDRA NAGAR,RAJENDRANAGAR,RAJENDERNAGAR,UPPER PALLY VILLAGE,EV CHARGING STATIONS,9,1,1.0,0,5.0,2025-08-01,UPPER PALLY VILLAGE
RAJENDRA NAGAR,RAJENDRA NAGAR,SHAMSHABAD,SHAPOOR,SHAPOOR,EV CHARGING STATIONS,9,1,1.0,3896,54.0,2025-08-01,SHAPOOR
RAJENDRA NAGAR,RAJENDRA NAGAR,GAGANPAHAD,MD PALLY,E.BANDLAGUDA,EV CHARGING STATIONS,9,1,1.0,2227,49.0,2025-08-01,E.BANDLAGUDA
RAJENDRA NAGAR,RAJENDRA NAGAR,RAJENDRANAGAR,SHIVARAM PALLY,HV PREMAVATHIPET,EV CHARGING STATIONS,9,1,1.0,2157,54.0,2025-08-01,HV PREMAVATHIPET
RAJENDRA NAGAR,RAJENDRA NAGAR,RAJENDRANAGAR,SHIVARAM PALLY,HV SHIVARAMPALLY,EV CHARGING STATIONS,9,1,,0,54.0,2025-08-01,HV SHIVARAMPALLY
RAJENDRA NAGAR,RAJENDRA NAGAR,GAGANPAHAD,MD PALLY,MAILRADEVPALLY,EV CHARGING STATIONS,9,1,1.0,7315,40.0,2025-08-01,MAILRADEVPALLY
RAJENDRA NAGAR,KANDUKUR,MAMIDIPALLY,BALAPUR,SHAHEEN NAGAR II,EV CHARGING STATIONS,9,1,1.0,0,15.0,2025-08-01,SHAHEEN NAGAR II
RAJENDRA NAGAR,RAJENDRA NAGAR,GAGANPAHAD,MD PALLY,URRAM GADDA,EV CHARGING STATIONS,9,1,1.0,4434,5.0,2025-08-01,URRAM GADDA
RAJENDRA NAGAR,RAJENDRA NAGAR,GAGANPAHAD,SHASTRIPURAM,BABUL REDDY NAGAR,EV CHARGING STATIONS,9,1,1.0,0,54.0,2025-08-01,BABUL REDDY NAGAR
RAJENDRA NAGAR,RAJENDRA NAGAR,GAGANPAHAD,SHASTRIPURAM,SHASTRIPURAM,EV CHARGING STATIONS,9,1,1.0,0,5.0,2025-08-01,SHASTRIPURAM
RAJENDRA NAGAR,KANDUKUR,AMANGAL,AMANGAL,AMANGAL(HV),EV CHARGING STATIONS,9,2,2.0,2524,113.0,2025-08-01,AMANGAL(HV)
RAJENDRA NAGAR,KANDUKUR,MAMIDIPALLY,KANDUKUR,CT SERVICES,EV CHARGING STATIONS,9,2,2.0,499,108.0,2025-08-01,CT SERVICES
RAJENDRA NAGAR,KANDUKUR,MAMIDIPALLY,MAHESHWARAM,SRINAGAR,EV CHARGING STATIONS,9,3,3.0,7618,138.0,2025-08-01,SRINAGAR
RAJENDRA NAGAR,KANDUKUR,MAMIDIPALLY,MAHESHWARAM,THUMMALOOR,EV CHARGING STATIONS,9,2,2.0,1644,69.0,2025-08-01,THUMMALOOR
RAJENDRA NAGAR,RAJENDRA NAGAR,SHAMSHABAD,SHAMSHABAD,R B NAGAR&MADHURANGER HV,EV CHARGING STATIONS,9,3,3.0,22880,162.0,2025-08-01,R B NAGAR&MADHURANGER HV
RAJENDRA NAGAR,KANDUKUR,MAMIDIPALLY,KANDUKUR,HV-2,EV CHARGING STATIONS,9,1,1.0,67,15.0,2025-08-01,HV-2
RAJENDRA NAGAR,RAJENDRA NAGAR,SHAMSHABAD,SHAMSHABAD,SHAMSHABAD,EV CHARGING STATIONS,9,1,1.0,4007,49.0,2025-08-01,SHAMSHABAD
RAJENDRA NAGAR,KANDUKUR,MAMIDIPALLY,PAHADISHARIFF,MAMIDIPALLY,EV CHARGING STATIONS,9,1,1.0,1276,54.0,2025-08-01,MAMIDIPALLY
RAJENDRA NAGAR,KANDUKUR,AMANGAL,KADTHAL,KADTHAL,EV CHARGING STATIONS,9,1,,0,54.0,2025-08-01,KADTHAL
SANGAREDDY,JOGIPET,JOGIPET,ANDOLE,ANDOLE,EV CHARGING STATIONS,9,1,1.0,48,30.0,2025-08-01,ANDOLE
SANGAREDDY,JOGIPET,NARAYANKHED,NARAYANKHED,NARAYANKHED TOWN 2,EV CHARGING STATIONS,9,1,1.0,213,30.0,2025-08-01,NARAYANKHED TOWN 2
SANGAREDDY,PATANCHERU,PATANCHERU,AMEENPUR,AE AMEEN PUR SERVICES  (VIJAY),EV CHARGING STATIONS,9,1,1.0,0,54.0,2025-08-01,AE AMEEN PUR SERVICES  (VIJAY)
SANGAREDDY,PATANCHERU,PATANCHERU,PATANCHERU TOWN,TOWN HV-2 SLI,EV CHARGING STATIONS,9,1,1.0,447,54.0,2025-08-01,TOWN HV-2 SLI
SANGAREDDY,PATANCHERU,PATANCHERU,PATANCHERU TOWN,TOWN HV-3 LI ,EV CHARGING STATIONS,9,1,1.0,295,54.0,2025-08-01,TOWN HV-3 LI 
SANGAREDDY,PATANCHERU,RC PURAM,BEERAMGUDA,ASHOK NAGAR-2(BEERAMGUDA),EV CHARGING STATIONS,9,1,1.0,0,54.0,2025-08-01,ASHOK NAGAR-2(BEERAMGUDA)
SANGAREDDY,PATANCHERU,RC PURAM,M.I.G.,MIG HV,EV CHARGING STATIONS,9,1,1.0,8035,54.0,2025-08-01,MIG HV
SANGAREDDY,JOGIPET,JOGIPET,HATHNOORA,PALPANOOR,EV CHARGING STATIONS,9,1,1.0,0,54.0,2025-08-01,PALPANOOR
SANGAREDDY,SANGAREDDY,ISNAPUR,ISNAPUR,CHITKUL VILLAGE(CHITKUL),EV CHARGING STATIONS,9,1,1.0,201,3.0,2025-08-01,CHITKUL VILLAGE(CHITKUL)
SANGAREDDY,SANGAREDDY,ISNAPUR,ISNAPUR,ISNP HV-2,EV CHARGING STATIONS,9,4,2.0,0,184.0,2025-08-01,ISNP HV-2
SANGAREDDY,SANGAREDDY,ISNAPUR,ISNAPUR,ISNP HV-4,EV CHARGING STATIONS,9,1,1.0,1974,25.0,2025-08-01,ISNP HV-4
SANGAREDDY,SANGAREDDY,SANGAREDDY,SANGAREDDY TOWN-II,SHANTHI NAGAR,EV CHARGING STATIONS,9,1,1.0,0,54.0,2025-08-01,SHANTHI NAGAR
SANGAREDDY,SANGAREDDY,ISNAPUR,ISNAPUR,RUDRARAM,EV CHARGING STATIONS,9,1,1.0,0,54.0,2025-08-01,RUDRARAM
SANGAREDDY,SANGAREDDY,ISNAPUR,KOLLUR,NANDIGAMA,EV CHARGING STATIONS,9,1,1.0,0,54.0,2025-08-01,NANDIGAMA
SANGAREDDY,ZAHEERABAD,ZAHEERABAD TOWN,KOHEER,DIGWAL,EV CHARGING STATIONS,9,2,2.0,126,84.0,2025-08-01,DIGWAL
SANGAREDDY,SANGAREDDY,SANGAREDDY,KANDI,KANDI,EV CHARGING STATIONS,9,1,1.0,1743,30.0,2025-08-01,KANDI
SANGAREDDY,ZAHEERABAD,ZAHEERABAD TOWN,KOHEER,KOHEER,EV CHARGING STATIONS,9,1,1.0,0,54.0,2025-08-01,KOHEER
SANGAREDDY,SANGAREDDY,SANGAREDDY,KANDI,NEW KANDI,EV CHARGING STATIONS,9,1,1.0,0,54.0,2025-08-01,NEW KANDI
SANGAREDDY,SANGAREDDY,SANGAREDDY,KANDI,OLD KANDI,EV CHARGING STATIONS,9,1,1.0,0,54.0,2025-08-01,OLD KANDI
SANGAREDDY,SANGAREDDY,SANGAREDDY,SANGAREDDY TOWN-I,FASALWADI,EV CHARGING STATIONS,9,1,1.0,0,54.0,2025-08-01,FASALWADI
SANGAREDDY,ZAHEERABAD,ZAHEERABAD TOWN,MANNAPUR,C T METERS,EV CHARGING STATIONS,9,2,2.0,852,79.0,2025-08-01,C T METERS
SANGAREDDY,SANGAREDDY,ISNAPUR,ISNAPUR,AKHIL FORM (CHITKUL),EV CHARGING STATIONS,9,1,1.0,11,7.0,2025-08-01,AKHIL FORM (CHITKUL)
SANGAREDDY,SANGAREDDY,SADASIVPET,SADASIVPET,VIJAY JLM,EV CHARGING STATIONS,9,1,1.0,2433,54.0,2025-08-01,VIJAY JLM
SANGAREDDY,SANGAREDDY,SADASIVPET,SADASIVPET RURAL,MADDIKUNTA,EV CHARGING STATIONS,9,1,1.0,642,54.0,2025-08-01,MADDIKUNTA
SANGAREDDY,SANGAREDDY,SADASIVPET,KONDAPUR,KDPR HV 3,EV CHARGING STATIONS,9,2,2.0,549,60.0,2025-08-01,KDPR HV 3
SANGAREDDY,SANGAREDDY,SADASIVPET,SADASIVPET RURAL,SURARAM,EV CHARGING STATIONS,9,1,1.0,183,30.0,2025-08-01,SURARAM
SANGAREDDY,SANGAREDDY,SADASIVPET,MUNIPALLY,BUDHERA,EV CHARGING STATIONS,9,2,,0,108.0,2025-08-01,BUDHERA
SANGAREDDY,SANGAREDDY,SADASIVPET,MUNIPALLY,KAMKOLE,EV CHARGING STATIONS,9,1,1.0,616,51.0,2025-08-01,KAMKOLE
SANGAREDDY,SANGAREDDY,SADASIVPET,SADASIVPET,PEDDAPUR,EV CHARGING STATIONS,9,1,1.0,13,31.0,2025-08-01,PEDDAPUR
SAROORNAGAR,SAROORNAGAR,SAROORNAGAR,SAROORNAGAR,VENKATESWARA COLON,EV CHARGING STATIONS,9,1,1.0,4851,12.0,2025-08-01,VENKATESWARA COLON
SAROORNAGAR,IBRAHIMPATNAM,TURKAYAMJAL,TURKAYAMZAL,NADERGUL,EV CHARGING STATIONS,9,1,1.0,162,30.0,2025-08-01,NADERGUL
SAROORNAGAR,IBRAHIMPATNAM,IBRAHIMPATNAM,IBRAHIMPATNAM,IBRAHIMPATNAM,EV CHARGING STATIONS,9,1,1.0,142,54.0,2025-08-01,IBRAHIMPATNAM
SAROORNAGAR,IBRAHIMPATNAM,TURKAYAMJAL,TURKAYAMZAL,PATI GUDA,EV CHARGING STATIONS,9,1,1.0,8212,54.0,2025-08-01,PATI GUDA
SAROORNAGAR,SAROORNAGAR,L B NAGAR,BANDLAGUDA,ADARSHNAGAR COLONY,EV CHARGING STATIONS,9,1,1.0,2048,54.0,2025-08-01,ADARSHNAGAR COLONY
SAROORNAGAR,SAROORNAGAR,L B NAGAR,BANDLAGUDA,SAI NAGAR COLONY-3,EV CHARGING STATIONS,9,1,1.0,4102,53.0,2025-08-01,SAI NAGAR COLONY-3
SAROORNAGAR,SAROORNAGAR,L B NAGAR,BANDLAGUDA,SRINIVASA HILLS,EV CHARGING STATIONS,9,1,1.0,678,54.0,2025-08-01,SRINIVASA HILLS
SAROORNAGAR,SAROORNAGAR,L B NAGAR,BANDLAGUDA,ARUNODAYA COLONY-II,EV CHARGING STATIONS,9,1,1.0,2126,54.0,2025-08-01,ARUNODAYA COLONY-II
SAROORNAGAR,SAROORNAGAR,L B NAGAR,BANDLAGUDA,BANDLAGUDA,EV CHARGING STATIONS,9,1,1.0,0,18.0,2025-08-01,BANDLAGUDA
SAROORNAGAR,SAROORNAGAR,L B NAGAR,BANDLAGUDA,TYAGA RAYA NAGAR,EV CHARGING STATIONS,9,1,1.0,3333,54.0,2025-08-01,TYAGA RAYA NAGAR
SAROORNAGAR,SAROORNAGAR,L B NAGAR,BANDLAGUDA,VIJAYA GARDEN,EV CHARGING STATIONS,9,1,1.0,362,65.0,2025-08-01,VIJAYA GARDEN
SAROORNAGAR,SAROORNAGAR,L B NAGAR,BANDLAGUDA,ROCK TOWN-II,EV CHARGING STATIONS,9,1,1.0,183,54.0,2025-08-01,ROCK TOWN-II
SAROORNAGAR,SAROORNAGAR,L B NAGAR,L.B.NAGAR,KRISHNA NAGAR-,EV CHARGING STATIONS,9,1,1.0,0,7.0,2025-08-01,KRISHNA NAGAR-
SAROORNAGAR,IBRAHIMPATNAM,TURKAYAMJAL,ABDULLAPURMET,ABDULLA PUR METT,EV CHARGING STATIONS,9,2,2.0,3055,108.0,2025-08-01,ABDULLA PUR METT
SAROORNAGAR,SAROORNAGAR,L B NAGAR,L.B.NAGAR,MANIPURI & MASS COLONY,EV CHARGING STATIONS,9,1,1.0,28,13.0,2025-08-01,MANIPURI & MASS COLONY
SAROORNAGAR,IBRAHIMPATNAM,TURKAYAMJAL,ABDULLAPURMET,BATA SINGARAM,EV CHARGING STATIONS,9,1,1.0,0,30.0,2025-08-01,BATA SINGARAM
SAROORNAGAR,IBRAHIMPATNAM,TURKAYAMJAL,ABDULLAPURMET,BATASINGARAM,EV CHARGING STATIONS,9,1,1.0,0,54.0,2025-08-01,BATASINGARAM
SAROORNAGAR,SAROORNAGAR,L B NAGAR,L.B.NAGAR,HV-1,EV CHARGING STATIONS,9,1,1.0,2370,13.0,2025-08-01,HV-1
SAROORNAGAR,SAROORNAGAR,L B NAGAR,L.B.NAGAR,JINKALA BAVI,EV CHARGING STATIONS,9,1,1.0,26,54.0,2025-08-01,JINKALA BAVI
SAROORNAGAR,SAROORNAGAR,L B NAGAR,L.B.NAGAR,S B H COLONY (V-1),EV CHARGING STATIONS,9,1,1.0,2229,54.0,2025-08-01,S B H COLONY (V-1)
SAROORNAGAR,IBRAHIMPATNAM,TURKAYAMJAL,ABDULLAPURMET,JAFFAR GUDA,EV CHARGING STATIONS,9,1,1.0,0,54.0,2025-08-01,JAFFAR GUDA
SAROORNAGAR,SAROORNAGAR,SAROORNAGAR,RAMAKRISHNAPURAM,NEW INDIRA NAGAR,EV CHARGING STATIONS,9,1,1.0,11,54.0,2025-08-01,NEW INDIRA NAGAR
SAROORNAGAR,SAROORNAGAR,SAROORNAGAR,RAMAKRISHNAPURAM,NEW NAGOLE,EV CHARGING STATIONS,9,1,1.0,31,54.0,2025-08-01,NEW NAGOLE
SAROORNAGAR,SAROORNAGAR,SAROORNAGAR,RAMAKRISHNAPURAM,VIJAYA PURI,EV CHARGING STATIONS,9,2,2.0,10015,108.0,2025-08-01,VIJAYA PURI
SAROORNAGAR,IBRAHIMPATNAM,IBRAHIMPATNAM,ADIBATLA,CHINTA PALLY GUDA,EV CHARGING STATIONS,9,1,1.0,1,54.0,2025-08-01,CHINTA PALLY GUDA
SAROORNAGAR,IBRAHIMPATNAM,TURKAYAMJAL,ABDULLAPURMET,KOTHA GUDA,EV CHARGING STATIONS,9,1,1.0,3,54.0,2025-08-01,KOTHA GUDA
SAROORNAGAR,IBRAHIMPATNAM,TURKAYAMJAL,ABDULLAPURMET,OUTER RING ROAD,EV CHARGING STATIONS,9,1,1.0,0,54.0,2025-08-01,OUTER RING ROAD
SAROORNAGAR,IBRAHIMPATNAM,IBRAHIMPATNAM,ADIBATLA,M. P. PATEL GUDA,EV CHARGING STATIONS,9,1,1.0,0,54.0,2025-08-01,M. P. PATEL GUDA
SAROORNAGAR,IBRAHIMPATNAM,IBRAHIMPATNAM,ADIBATLA,MANGAL PALLY,EV CHARGING STATIONS,9,1,1.0,29,54.0,2025-08-01,MANGAL PALLY
SAROORNAGAR,SAROORNAGAR,HAYATHNAGAR,PEDDA AMBERPET,BALJAGUDA ROAD,EV CHARGING STATIONS,9,1,1.0,151,22.0,2025-08-01,BALJAGUDA ROAD
SAROORNAGAR,SAROORNAGAR,HAYATHNAGAR,AUTONAGAR,CHANDRAPURI COLONY,EV CHARGING STATIONS,9,1,1.0,5786,65.0,2025-08-01,CHANDRAPURI COLONY
SAROORNAGAR,SAROORNAGAR,HAYATHNAGAR,AUTONAGAR,MALLIKARJUNA NAGAR,EV CHARGING STATIONS,9,1,1.0,302,53.0,2025-08-01,MALLIKARJUNA NAGAR
SAROORNAGAR,SAROORNAGAR,HAYATHNAGAR,PEDDA AMBERPET,PEDDA AMBERPET-II,EV CHARGING STATIONS,9,1,1.0,1569,54.0,2025-08-01,PEDDA AMBERPET-II
SAROORNAGAR,SAROORNAGAR,HAYATHNAGAR,AUTONAGAR,PATRIKEYA NAGAR,EV CHARGING STATIONS,9,1,1.0,704,54.0,2025-08-01,PATRIKEYA NAGAR
SAROORNAGAR,SAROORNAGAR,HAYATHNAGAR,AUTONAGAR,SARSWATHI NAGAR COLONY,EV CHARGING STATIONS,9,1,1.0,0,54.0,2025-08-01,SARSWATHI NAGAR COLONY
SAROORNAGAR,SAROORNAGAR,HAYATHNAGAR,PEDDA AMBERPET,SAI COLONY PHASE III,EV CHARGING STATIONS,9,1,1.0,0,54.0,2025-08-01,SAI COLONY PHASE III
SAROORNAGAR,SAROORNAGAR,HAYATHNAGAR,AUTONAGAR,SRINIVASA NAGAR,EV CHARGING STATIONS,9,1,1.0,4377,21.0,2025-08-01,SRINIVASA NAGAR
SAROORNAGAR,SAROORNAGAR,HAYATHNAGAR,AUTONAGAR,SURYODAYANAGAR COL,EV CHARGING STATIONS,9,1,1.0,5751,53.0,2025-08-01,SURYODAYANAGAR COL
SAROORNAGAR,SAROORNAGAR,HAYATHNAGAR,HAYATH NAGAR,R K PURAM,EV CHARGING STATIONS,9,1,1.0,0,30.0,2025-08-01,R K PURAM
SAROORNAGAR,CHAMPAPET,CHAMPAPET,CHAMPAPET,HV CPT SOUTH,EV CHARGING STATIONS,9,1,1.0,790,22.0,2025-08-01,HV CPT SOUTH
SAROORNAGAR,CHAMPAPET,VANASTHALIPURAM,BN REDDY NAGAR,PHASE5,EV CHARGING STATIONS,9,1,1.0,0,54.0,2025-08-01,PHASE5
SAROORNAGAR,CHAMPAPET,CHAMPAPET,CHAMPAPET,S N REDDY NAGAR,EV CHARGING STATIONS,9,1,1.0,983,30.0,2025-08-01,S N REDDY NAGAR
SAROORNAGAR,CHAMPAPET,CHAMPAPET,CHAMPAPET,SRINIVASACOLONY(L),EV CHARGING STATIONS,9,1,1.0,1594,5.0,2025-08-01,SRINIVASACOLONY(L)
SAROORNAGAR,CHAMPAPET,VANASTHALIPURAM,VANASTHALIPURAM,NGO S COLONY,EV CHARGING STATIONS,9,2,2.0,10769,108.0,2025-08-01,NGO S COLONY
SAROORNAGAR,CHAMPAPET,VANASTHALIPURAM,VANASTHALIPURAM,NGOS COLONY SECTOR III,EV CHARGING STATIONS,9,1,1.0,0,54.0,2025-08-01,NGOS COLONY SECTOR III
SAROORNAGAR,CHAMPAPET,VANASTHALIPURAM,VANASTHALIPURAM,R.S.S.GROUNDS,EV CHARGING STATIONS,9,1,1.0,4675,54.0,2025-08-01,R.S.S.GROUNDS
SAROORNAGAR,CHAMPAPET,VANASTHALIPURAM,VANASTHALIPURAM,"SECTOR-5,NGOS COLONY",EV CHARGING STATIONS,9,1,1.0,4150,54.0,2025-08-01,"SECTOR-5,NGOS COLONY"
SAROORNAGAR,CHAMPAPET,VANASTHALIPURAM,VANASTHALIPURAM,VIJAYAPURI COLONY PHASE - I,EV CHARGING STATIONS,9,1,1.0,942,54.0,2025-08-01,VIJAYAPURI COLONY PHASE - I
SAROORNAGAR,CHAMPAPET,VANASTHALIPURAM,BAIRAMALGUDA,VIVEKANANDA NAGAR,EV CHARGING STATIONS,9,1,1.0,0,54.0,2025-08-01,VIVEKANANDA NAGAR
SAROORNAGAR,CHAMPAPET,VANASTHALIPURAM,BAIRAMALGUDA,YASHODA NAGAR,EV CHARGING STATIONS,9,1,1.0,151,54.0,2025-08-01,YASHODA NAGAR
SAROORNAGAR,CHAMPAPET,CHAMPAPET,MEERPET,MEERPET JILLELGUDA CT METERS,EV CHARGING STATIONS,9,2,2.0,13214,108.0,2025-08-01,MEERPET JILLELGUDA CT METERS
SECUNDERABAD,BOWENPALLY,RR NAGAR,RANGA REDDY NAGAR,GIRI NAGAR (GRP-B),EV CHARGING STATIONS,9,1,,0,2.0,2025-08-01,GIRI NAGAR (GRP-B)
SECUNDERABAD,PARADISE,PADMA RAO NAGAR,TARNAKA,GRC HV TARNAKA,EV CHARGING STATIONS,9,1,1.0,2912,10.0,2025-08-01,GRC HV TARNAKA
SECUNDERABAD,BOWENPALLY,RR NAGAR,RANGA REDDY NAGAR,RR NAGAR & PS COLONY (GRP-M),EV CHARGING STATIONS,9,1,1.0,2726,54.0,2025-08-01,RR NAGAR & PS COLONY (GRP-M)
SECUNDERABAD,PARADISE,PADMA RAO NAGAR,TARNAKA,RAVINDERA NAGAR NORTH,EV CHARGING STATIONS,9,1,1.0,1427,8.0,2025-08-01,RAVINDERA NAGAR NORTH
SECUNDERABAD,SECUNDERABAD,LALBAZAR,LALBAZAR,CT METERS (GRP-M),EV CHARGING STATIONS,9,1,1.0,1627,53.0,2025-08-01,CT METERS (GRP-M)
SECUNDERABAD,BOWENPALLY,BOWENPALLY,NEW BOWENPALLY,BORE-ST-GRC(AGL) (GRP-M),EV CHARGING STATIONS,9,1,1.0,3314,15.0,2025-08-01,BORE-ST-GRC(AGL) (GRP-M)
SECUNDERABAD,SECUNDERABAD,LALBAZAR,BOLLARUM,GRC HIGH VALUE (GRP-M),EV CHARGING STATIONS,9,1,1.0,1089,10.0,2025-08-01,GRC HIGH VALUE (GRP-M)
SECUNDERABAD,SECUNDERABAD,MAREDPALLY,KARKHANA,CT METERS KARKHANA (GRP-M),EV CHARGING STATIONS,9,1,1.0,1102,54.0,2025-08-01,CT METERS KARKHANA (GRP-M)
SECUNDERABAD,PARADISE,JAMES STREET,CLOCK TOWER,GRC HV CLOCK TOWER,EV CHARGING STATIONS,9,1,1.0,143,15.0,2025-08-01,GRC HV CLOCK TOWER
SECUNDERABAD,PARADISE,JAMES STREET,CLOCK TOWER,ONLY CT METERS,EV CHARGING STATIONS,9,2,2.0,2472,108.0,2025-08-01,ONLY CT METERS
SECUNDERABAD,SECUNDERABAD,LALBAZAR,R.P. NILAYAM,HIGH VALVE-CT METERS (GRP-M),EV CHARGING STATIONS,9,3,3.0,8214,160.0,2025-08-01,HIGH VALVE-CT METERS (GRP-M)
SECUNDERABAD,BOWENPALLY,RR NAGAR,I.D.P.L.,GEETA NGR &VINAYAK NGR (GRP-M),EV CHARGING STATIONS,9,2,2.0,2644,35.0,2025-08-01,GEETA NGR &VINAYAK NGR (GRP-M)
SECUNDERABAD,BOWENPALLY,RR NAGAR,I.D.P.L.,PRASHANTH NAGAR CLY (GRP-B),EV CHARGING STATIONS,9,2,2.0,101,4.0,2025-08-01,PRASHANTH NAGAR CLY (GRP-B)
SECUNDERABAD,PARADISE,JAMES STREET,PARADISE,GRC HIGH VALUE  A,EV CHARGING STATIONS,9,1,1.0,130,10.0,2025-08-01,GRC HIGH VALUE  A
SECUNDERABAD,BOWENPALLY,BALANAGAR,BALANAGAR,SVCIE-CT METER (GRP-M),EV CHARGING STATIONS,9,1,1.0,5723,54.0,2025-08-01,SVCIE-CT METER (GRP-M)
SECUNDERABAD,BOWENPALLY,BALANAGAR,FEROZEGUDA,C.T.METER  GRC (GRP-M),EV CHARGING STATIONS,9,3,3.0,16965,179.0,2025-08-01,C.T.METER  GRC (GRP-M)
SECUNDERABAD,BOWENPALLY,RR NAGAR,RANGA REDDY NAGAR,ASBESTOS CLY-II 415-812(GRP-B),EV CHARGING STATIONS,9,1,1.0,0,2.0,2025-08-01,ASBESTOS CLY-II 415-812(GRP-B)
SECUNDERABAD,PARADISE,PADMA RAO NAGAR,TARNAKA,GOKUL NAGAR,EV CHARGING STATIONS,9,1,1.0,135,5.0,2025-08-01,GOKUL NAGAR
SIDDIPET,GAJWEL,GAJWEL,GAJWEL,GAJWEL,EV CHARGING STATIONS,9,2,2.0,0,108.0,2025-08-01,GAJWEL
SIDDIPET,GAJWEL,MULUGU,WARGAL,GOWRARAM,EV CHARGING STATIONS,9,2,2.0,2208,108.0,2025-08-01,GOWRARAM
SIDDIPET,GAJWEL,GAJWEL,PREGNAPUR,KODAKANDLA,EV CHARGING STATIONS,9,1,1.0,0,54.0,2025-08-01,KODAKANDLA
SIDDIPET,GAJWEL,GAJWEL,PREGNAPUR,RIMMANAGUDA,EV CHARGING STATIONS,9,3,3.0,2434,133.0,2025-08-01,RIMMANAGUDA
SIDDIPET,GAJWEL,MULUGU,MULUGU,CH.TIMMAPUR,EV CHARGING STATIONS,9,1,1.0,0,54.0,2025-08-01,CH.TIMMAPUR
SIDDIPET,GAJWEL,TUKKAPUR,KONDAPAK,THIMMAREDDY PALLY,EV CHARGING STATIONS,9,1,1.0,0,54.0,2025-08-01,THIMMAREDDY PALLY
SIDDIPET,GAJWEL,TUKKAPUR,KONDAPAK,VELKATTA,EV CHARGING STATIONS,9,1,1.0,0,54.0,2025-08-01,VELKATTA
SIDDIPET,SIDDIPET,SIDDIPET RURAL,SIDDIPET URBAN,PONNAL,EV CHARGING STATIONS,9,2,2.0,304,84.0,2025-08-01,PONNAL
SIDDIPET,SIDDIPET,SIDDIPET TOWN,SIDDIPET TOWN-I,AE TOWN-1-HV,EV CHARGING STATIONS,9,1,1.0,0,54.0,2025-08-01,AE TOWN-1-HV
SIDDIPET,SIDDIPET,SIDDIPET TOWN,SIDDIPET TOWN-I,RANGADAMPALLY-HV,EV CHARGING STATIONS,9,1,1.0,1649,54.0,2025-08-01,RANGADAMPALLY-HV
SIDDIPET,SIDDIPET,SIDDIPET TOWN,SIDDIPET TOWN-II,ASST ENGINEER TOWN-II,EV CHARGING STATIONS,9,1,1.0,855,30.0,2025-08-01,ASST ENGINEER TOWN-II
SIDDIPET,SIDDIPET,DUBBAK,AKBARPET-BHOMPALLY,BHOOMPALLY,EV CHARGING STATIONS,9,1,1.0,0,54.0,2025-08-01,BHOOMPALLY
SURYAPET,HUZURNAGAR,KODAD,KODAD - RURAL,DORAKUNTA,EV CHARGING STATIONS,9,2,2.0,16,72.0,2025-08-01,DORAKUNTA
SURYAPET,HUZURNAGAR,HUZURNAGAR,HUZURNAGAR TOWN,REDDY BAZAR,EV CHARGING STATIONS,9,1,1.0,95,30.0,2025-08-01,REDDY BAZAR
SURYAPET,HUZURNAGAR,MUNAGALA,MUNAGALA,MUKUNDAPURAM,EV CHARGING STATIONS,9,1,1.0,0,54.0,2025-08-01,MUKUNDAPURAM
SURYAPET,HUZURNAGAR,MUNAGALA,MUNAGALA,TADVAI,EV CHARGING STATIONS,9,1,1.0,0,54.0,2025-08-01,TADVAI
SURYAPET,SURYAPET,SURYAPET RURAL,CHIVEMLA,DURAJPALLY,EV CHARGING STATIONS,9,2,2.0,0,108.0,2025-08-01,DURAJPALLY
SURYAPET,SURYAPET,SURYAPET,SURYAPET RURAL,PILLALAMARRY,EV CHARGING STATIONS,9,1,1.0,19,18.0,2025-08-01,PILLALAMARRY
SURYAPET,SURYAPET,SURYAPET,SURYAPET RURAL,RAYANGUDEM,EV CHARGING STATIONS,9,4,4.0,17774,259.0,2025-08-01,RAYANGUDEM
SURYAPET,SURYAPET,SURYAPET,SURYAPET TOWN-I,LI A,EV CHARGING STATIONS,9,3,3.0,0,162.0,2025-08-01,LI A
SURYAPET,SURYAPET,SURYAPET,SURYAPET TOWN-I,LI B,EV CHARGING STATIONS,9,1,1.0,13,15.0,2025-08-01,LI B
SURYAPET,SURYAPET,SURYAPET RURAL,CHIVEMLA,UNDRUGONDA,EV CHARGING STATIONS,9,1,1.0,0,54.0,2025-08-01,UNDRUGONDA
SURYAPET,HUZURNAGAR,MUNAGALA,ANANTHAGIRI,SHANTHINAGAR,EV CHARGING STATIONS,9,1,1.0,0,54.0,2025-08-01,SHANTHINAGAR
SURYAPET,HUZURNAGAR,MUNAGALA,MOTHY,HUSSAINABAD,EV CHARGING STATIONS,9,1,1.0,0,54.0,2025-08-01,HUSSAINABAD
SURYAPET,HUZURNAGAR,KODAD,KODAD - RURAL,NALLABANDAGUDEM  A,EV CHARGING STATIONS,9,1,1.0,0,55.0,2025-08-01,NALLABANDAGUDEM  A
SURYAPET,HUZURNAGAR,KODAD,KODAD - RURAL,THAMMARA,EV CHARGING STATIONS,9,1,1.0,0,54.0,2025-08-01,THAMMARA
SURYAPET,HUZURNAGAR,KODAD,KODAD - TOWN,33/11KV SS OUTDOOR BACK SIDE A,EV CHARGING STATIONS,9,1,1.0,325,30.0,2025-08-01,33/11KV SS OUTDOOR BACK SIDE A
SURYAPET,HUZURNAGAR,MUNAGALA,MUNAGALA,AKUPAMLA,EV CHARGING STATIONS,9,2,2.0,3404,113.0,2025-08-01,AKUPAMLA
SURYAPET,HUZURNAGAR,KODAD,KODAD - TOWN,BALAJI NAGAR ,EV CHARGING STATIONS,9,1,1.0,0,54.0,2025-08-01,BALAJI NAGAR 
VIKARABAD,VIKARABAD,PARGI,PUDUR,GANGU PALLY,EV CHARGING STATIONS,9,1,1.0,0,54.0,2025-08-01,GANGU PALLY
WANAPARTHY,WANAPARTHY,KOTHAKOTA,KOTHAKOTA,AMADABAKULA,EV CHARGING STATIONS,9,1,1.0,171,54.0,2025-08-01,AMADABAKULA
WANAPARTHY,WANAPARTHY,KOTHAKOTA,KOTHAKOTA,KANIMETTA,EV CHARGING STATIONS,9,2,2.0,1780,80.0,2025-08-01,KANIMETTA
WANAPARTHY,WANAPARTHY,WANAPARTHY,WANAPARTHY RURA,NAGAVARAM,EV CHARGING STATIONS,9,1,1.0,1,54.0,2025-08-01,NAGAVARAM
WANAPARTHY,WANAPARTHY,KOTHAKOTA,KOTHAKOTA,MUMMALLAPALLY,EV CHARGING STATIONS,9,1,1.0,1363,54.0,2025-08-01,MUMMALLAPALLY
WANAPARTHY,WANAPARTHY,KOTHAKOTA,KOTHAKOTA,PALEM,EV CHARGING STATIONS,9,1,1.0,0,54.0,2025-08-01,PALEM
YADADRI,BHONGIR,BHONGIR,BHONGIR _ RURAL,JAMMAPUR,EV CHARGING STATIONS,9,1,1.0,0,54.0,2025-08-01,JAMMAPUR
YADADRI,BHONGIR,BHONGIR,BHONGIR _ RURAL,RAIGIR ,EV CHARGING STATIONS,9,5,5.0,9107,242.0,2025-08-01,RAIGIR 
YADADRI,BHONGIR,BHONGIR,BHONGIR _ RURAL,WADAIGUDAM,EV CHARGING STATIONS,9,1,1.0,269,55.0,2025-08-01,WADAIGUDAM
YADADRI,BHONGIR,BHONGIR,M.T.PALLY,MULAKALAPALLY,EV CHARGING STATIONS,9,1,1.0,0,54.0,2025-08-01,MULAKALAPALLY
YADADRI,BHONGIR,ALER,ALAIR,"JMJ SCHOOL,BERAPA TEMPLE,MILK ",EV CHARGING STATIONS,9,1,1.0,0,54.0,2025-08-01,"JMJ SCHOOL,BERAPA TEMPLE,MILK "
YADADRI,BHONGIR,BHONGIR,M.T.PALLY,VASALAMARRY,EV CHARGING STATIONS,9,1,1.0,0,54.0,2025-08-01,VASALAMARRY
YADADRI,BHONGIR,ALER,ALAIR,TANGUTOOR,EV CHARGING STATIONS,9,1,1.0,0,54.0,2025-08-01,TANGUTOOR
YADADRI,BHONGIR,BIBINAGAR,BIBINAGAR,BIBINAGR HQ,EV CHARGING STATIONS,9,1,1.0,0,54.0,2025-08-01,BIBINAGR HQ
YADADRI,BHONGIR,BHONGIR,BHONGIR - TOWN,BHONGIR(T),EV CHARGING STATIONS,9,1,1.0,0,54.0,2025-08-01,BHONGIR(T)
YADADRI,BHONGIR,BHONGIR,BHONGIR - TOWN,HANUMAPUR,EV CHARGING STATIONS,9,1,1.0,0,54.0,2025-08-01,HANUMAPUR
YADADRI,BHONGIR,BIBINAGAR,BIBINAGAR,GUDOOR,EV CHARGING STATIONS,9,1,1.0,0,54.0,2025-08-01,GUDOOR
YADADRI,BHONGIR,BHONGIR,BHONGIR - TOWN,PAGIDIPALLY,EV CHARGING STATIONS,9,2,2.0,0,108.0,2025-08-01,PAGIDIPALLY
YADADRI,BHONGIR,BHONGIR,BHONGIR - TOWN,SANJEEVA NAGAR HANMANWADA,EV CHARGING STATIONS,9,1,1.0,3079,54.0,2025-08-01,SANJEEVA NAGAR HANMANWADA
YADADRI,CHOUTUPPAL,CHOUTUPPAL,CHOUTUPPAL,LAKKARAM,EV CHARGING STATIONS,9,1,1.0,0,54.0,2025-08-01,LAKKARAM
YADADRI,CHOUTUPPAL,CHOUTUPPAL,CHOUTUPPAL,LINGOJI GUDEM,EV CHARGING STATIONS,9,2,2.0,173,94.0,2025-08-01,LINGOJI GUDEM
YADADRI,CHOUTUPPAL,CHOUTUPPAL,CHOUTUPPAL,MALKAPOOR,EV CHARGING STATIONS,9,1,1.0,36,54.0,2025-08-01,MALKAPOOR
YADADRI,CHOUTUPPAL,CHOUTUPPAL,CHOUTUPPAL,PANTHANGI,EV CHARGING STATIONS,9,2,2.0,0,108.0,2025-08-01,PANTHANGI
YADADRI,CHOUTUPPAL,CHOUTUPPAL,CHOUTUPPAL,TOOFRAN PET,EV CHARGING STATIONS,9,2,2.0,0,108.0,2025-08-01,TOOFRAN PET
