circle,division,subdivision,section,area,catdesc,catcode,totservices,billdservices,units,load,month,energy_kwh,station_name
BANJARA HILLS,BANJARA HILLS,JUBILEE HILLS,JUBILEE HILLS,HV ROAD 22 TO 35,EV CHARGING STATIONS,9,1,1.0,0,50.0,2025-08-01,0,HV ROAD 22 TO 35
BANJARA HILLS,BANJARA HILLS,AMEERPET,YOUSUFGUDA,PRAGATHINAGAR-1,EV CHARGING STATIONS,9,1,1.0,88,8.0,2025-08-01,88,PRAGATHINAGAR-1
BANJARA HILLS,BANJARA HILLS,JUBILEE HILLS,MADHAPUR,"VITTAL RAO NAGAR,GAFOORNAGAR",EV CHARGING STATIONS,9,2,,0,3.0,2025-08-01,0,"VITTAL RAO NAGAR,GAFOORNAGAR"
BANJARA HILLS,BANJARA HILLS,BANJARA HILLS,FILM NAGAR,GRC HIGH VALUES RDNO-12&13 BAN,EV CHARGING STATIONS,9,1,1.0,0,54.0,2025-08-01,0,GRC HIGH VALUES RDNO-12&13 BAN
CYBERCITY,IBRAHIMBAGH,CHEVELLA,CHEVELLA,KESARAM(C),EV CHARGING STATIONS,9,1,,0,60.0,2025-08-01,0,KESARAM(C)
CYBERCITY,IBRAHIMBAGH,IBRAHIMBAG,NARSINGI,NARSINGI,EV CHARGING STATIONS,9,1,,0,54.0,2025-08-01,0,NARSINGI
CYBERCITY,GACHIBOWLI,CHANDA NAGAR,CHANDA NAGAR,CHANDANAGAR-HV,EV CHARGING STATIONS,9,1,1.0,25,22.0,2025-08-01,25,CHANDANAGAR-HV
CYBERCITY,KONDAPUR,KPHB,BALAJI NAGAR,KHAITHALAPUR  CT METERS ,EV CHARGING STATIONS,9,1,1.0,0,54.0,2025-08-01,0,KHAITHALAPUR  CT METERS 
CYBERCITY,KONDAPUR,KPHB,K P H B COLONY,HV,EV CHARGING STATIONS,9,2,2.0,0,108.0,2025-08-01,0,HV
CYBERCITY,GACHIBOWLI,CHANDA NAGAR,VASANTH NAGAR,PRAJAY MEGAPOLIS PVT LTD,EV CHARGING STATIONS,9,2,2.0,0,4.0,2025-08-01,0,PRAJAY MEGAPOLIS PVT LTD
CYBERCITY,GACHIBOWLI,GACHIBOWLI,GACHIBOWLI,CT TELECOMNAGAR,EV CHARGING STATIONS,9,1,1.0,0,54.0,2025-08-01,0,CT TELECOMNAGAR
CYBERCITY,KONDAPUR,KONDAPUR,ALLAPUR,"H.V AYYAPPA,GURUKUL,THANDA",EV CHARGING STATIONS,9,1,1.0,28,15.0,2025-08-01,28,"H.V AYYAPPA,GURUKUL,THANDA"
CYBERCITY,GACHIBOWLI,GACHIBOWLI,GACHIBOWLI,HV GACHIBOWLI,EV CHARGING STATIONS,9,1,1.0,0,54.0,2025-08-01,0,HV GACHIBOWLI
CYBERCITY,KONDAPUR,KONDAPUR,KONDAPUR,SHILPA VALLY,EV CHARGING STATIONS,9,1,1.0,0,5.0,2025-08-01,0,SHILPA VALLY
CYBERCITY,KONDAPUR,KONDAPUR,WHITE FIELD,HV WHITEFIELD,EV CHARGING STATIONS,9,1,1.0,0,52.0,2025-08-01,0,HV WHITEFIELD
HABSIGUDA,KEESARA,KEESARA,KEESARA,KEESARA VILLAGE,EV CHARGING STATIONS,9,1,1.0,0,54.0,2025-08-01,0,KEESARA VILLAGE
HABSIGUDA,KEESARA,GHATKESAR,MEDIPALLY,HV CT METERS C.C & MEDIPALLY,EV CHARGING STATIONS,9,1,1.0,0,54.0,2025-08-01,0,HV CT METERS C.C & MEDIPALLY
HABSIGUDA,KEESARA,KEESARA,NAGARAM,NAGARAM,EV CHARGING STATIONS,9,1,,0,15.0,2025-08-01,0,NAGARAM
HABSIGUDA,KEESARA,GHATKESAR,PEERJADIGUDA,HV PEERZADIGUDA,EV CHARGING STATIONS,9,1,1.0,0,54.0,2025-08-01,0,HV PEERZADIGUDA
HABSIGUDA,KEESARA,GHATKESAR,GHATKESAR,GHATKESAR,EV CHARGING STATIONS,9,3,3.0,26,162.0,2025-08-01,26,GHATKESAR
HABSIGUDA,HABSIGUDA,HABSIGUDA,HABSIGUDA,JAI SANTHOSHI NAGAR,EV CHARGING STATIONS,9,1,1.0,0,28.0,2025-08-01,0,JAI SANTHOSHI NAGAR
HABSIGUDA,SAINIKPURI,SAINIKPURI,KUSHAIGUDA,JAMMIIGADDA HV,EV CHARGING STATIONS,9,1,1.0,0,54.0,2025-08-01,0,JAMMIIGADDA HV
HABSIGUDA,HABSIGUDA,HABSIGUDA,NACHARAM,CT METERS DOMESTIC AREA,EV CHARGING STATIONS,9,2,2.0,0,108.0,2025-08-01,0,CT METERS DOMESTIC AREA
HABSIGUDA,SAINIKPURI,A S RAO NAGAR,MOULAALI,HV-I,EV CHARGING STATIONS,9,1,1.0,0,54.0,2025-08-01,0,HV-I
HABSIGUDA,SAINIKPURI,CHERLAPALLY,CHERLAPALLY-II,PHASE-II(2) KRUPP,EV CHARGING STATIONS,9,1,1.0,0,54.0,2025-08-01,0,PHASE-II(2) KRUPP
HABSIGUDA,SAINIKPURI,A S RAO NAGAR,MOULAALI,SADULLA NAGAR,EV CHARGING STATIONS,9,1,1.0,72,5.0,2025-08-01,72,SADULLA NAGAR
HABSIGUDA,SAINIKPURI,A S RAO NAGAR,MOULAALI,UPPERGUDA,EV CHARGING STATIONS,9,2,2.0,0,4.0,2025-08-01,0,UPPERGUDA
HABSIGUDA,SAINIKPURI,SAINIKPURI,SAINIKPURI,SANIKPURI,EV CHARGING STATIONS,9,1,1.0,0,11.0,2025-08-01,0,SANIKPURI
HABSIGUDA,HABSIGUDA,UPPAL,BODUPPAL,HV LI  VENUGOPAL,EV CHARGING STATIONS,9,1,1.0,0,54.0,2025-08-01,0,HV LI  VENUGOPAL
HABSIGUDA,SAINIKPURI,SAINIKPURI,SAINIKPURI,SRINIVAS NAGAR 2,EV CHARGING STATIONS,9,1,1.0,0,2.0,2025-08-01,0,SRINIVAS NAGAR 2
HABSIGUDA,HABSIGUDA,HABSIGUDA,HABSIGUDA,HBG (CTM),EV CHARGING STATIONS,9,1,1.0,0,54.0,2025-08-01,0,HBG (CTM)
HABSIGUDA,HABSIGUDA,UPPAL,UPPAL BAGAYATH,HV BAGAYATH,EV CHARGING STATIONS,9,1,1.0,0,54.0,2025-08-01,0,HV BAGAYATH
HYDERABAD CENTRAL,AZAMABAD,AMBERPET,GOLNAKA,MARUTHI NAGAR,EV CHARGING STATIONS,9,1,1.0,0,17.0,2025-08-01,0,MARUTHI NAGAR
HYDERABAD CENTRAL,MEHDIPATNAM,MEHDIPATNAM,SURYANAGAR,GRC CT METERS,EV CHARGING STATIONS,9,1,1.0,0,54.0,2025-08-01,0,GRC CT METERS
HYDERABAD CENTRAL,AZAMABAD,BARKATPURA,SHANKARMUTT,GRC HV SHANKARMUTT,EV CHARGING STATIONS,9,1,1.0,64,15.0,2025-08-01,64,GRC HV SHANKARMUTT
HYDERABAD SOUTH,BEGUM BAZAR,TROOP BAZAR,TROOP BAZAR,GRC CT (SLI),EV CHARGING STATIONS,9,1,1.0,0,54.0,2025-08-01,0,GRC CT (SLI)
HYDERABAD SOUTH,BEGUM BAZAR,BEGUM BAZAR,CHUDI BAZAR,GRCHV CHUDIBAZAR,EV CHARGING STATIONS,9,1,1.0,0,22.0,2025-08-01,0,GRCHV CHUDIBAZAR
HYDERABAD SOUTH,BEGUM BAZAR,TROOP BAZAR,PUTLI BOWLI,PUTHLIBOWLI GRC CT METERS,EV CHARGING STATIONS,9,1,1.0,0,54.0,2025-08-01,0,PUTHLIBOWLI GRC CT METERS
HYDERABAD SOUTH,CHARMINAR,MIR ALAM,KISHANBAGH,BHARATH NAGAR,EV CHARGING STATIONS,9,1,1.0,0,5.0,2025-08-01,0,BHARATH NAGAR
MAHABOOBNAGAR,MAHABOOBNAGAR,MBNR-TOWN,TOWN -I,TOWN-I,EV CHARGING STATIONS,9,1,1.0,0,54.0,2025-08-01,0,TOWN-I
MAHABOOBNAGAR,MAHABOOBNAGAR,MBNR-TOWN,TOWN -II,TOWN-II,EV CHARGING STATIONS,9,1,1.0,0,54.0,2025-08-01,0,TOWN-II
MAHABOOBNAGAR,JADCHERLA,JADCHERLA,BHOOTHPUR,LINE INSPECTOR-1,EV CHARGING STATIONS,9,1,1.0,0,54.0,2025-08-01,0,LINE INSPECTOR-1
MAHABOOBNAGAR,MAHABOOBNAGAR,MBNR-RURAL,GANDEED,AE CT GANDEED,EV CHARGING STATIONS,9,1,1.0,0,54.0,2025-08-01,0,AE CT GANDEED
MAHABOOBNAGAR,JADCHERLA,JADCHERLA,JADCHERLA,AE CT JADCHERLA TOWN,EV CHARGING STATIONS,9,1,1.0,28,25.0,2025-08-01,28,AE CT JADCHERLA TOWN
MAHABOOBNAGAR,JADCHERLA,JADCHERLA,MOOSAPET,LINE INSPECTOR-2,EV CHARGING STATIONS,9,1,1.0,0,54.0,2025-08-01,0,LINE INSPECTOR-2
MAHABOOBNAGAR,JADCHERLA,RAJAPUR,BALANAGAR,BALANAGAR,EV CHARGING STATIONS,9,3,3.0,0,160.0,2025-08-01,0,BALANAGAR
MAHABOOBNAGAR,JADCHERLA,RAJAPUR,BALANAGAR,KETHIREDDYPALLY,EV CHARGING STATIONS,9,1,1.0,0,25.0,2025-08-01,0,KETHIREDDYPALLY
MAHABOOBNAGAR,MAHABOOBNAGAR,DEVARAKADRA,DEVARKADRA,DEVARKADRA,EV CHARGING STATIONS,9,1,1.0,0,54.0,2025-08-01,0,DEVARKADRA
MEDAK,TOOPRAN,TOOPRAN,MASAIPET,MASAIPET,EV CHARGING STATIONS,9,2,2.0,36,107.0,2025-08-01,36,MASAIPET
MEDAK,MEDAK,NARSAPOOR,NARASAPOOR,NARSAPUR TOWN-1 EDLABAZAR,EV CHARGING STATIONS,9,1,1.0,0,54.0,2025-08-01,0,NARSAPUR TOWN-1 EDLABAZAR
MEDAK,TOOPRAN,RAMAYAMPET,NARSINGHI,VALLORE,EV CHARGING STATIONS,9,1,1.0,0,54.0,2025-08-01,0,VALLORE
MEDAK,TOOPRAN,TOOPRAN,TOOPRAN,NAGULAPALLY,EV CHARGING STATIONS,9,1,1.0,88,54.0,2025-08-01,88,NAGULAPALLY
MEDAK,TOOPRAN,TOOPRAN,TOOPRAN,TOOPRAN,EV CHARGING STATIONS,9,2,2.0,0,108.0,2025-08-01,0,TOOPRAN
MEDAK,MEDAK,NARSAPOOR,KOWDIPALLY,KOWDIPALLY,EV CHARGING STATIONS,9,1,1.0,1,54.0,2025-08-01,1,KOWDIPALLY
MEDCHAL,KUKATPALLY,MIYAPUR,HYDERNAGAR,MAYURI NAGAR,EV CHARGING STATIONS,9,1,,0,2.0,2025-08-01,0,MAYURI NAGAR
MEDCHAL,KUKATPALLY,MIYAPUR,MIYAPUR,MIYAPUR CT,EV CHARGING STATIONS,9,1,1.0,1,54.0,2025-08-01,1,MIYAPUR CT
MEDCHAL,KUKATPALLY,MIYAPUR,BACHUPALLY,SRI SAI NAGAR,EV CHARGING STATIONS,9,1,1.0,98,8.0,2025-08-01,98,SRI SAI NAGAR
MEDCHAL,KUKATPALLY,MIYAPUR,HYDERNAGAR,HYDERNAGAR CT METERS,EV CHARGING STATIONS,9,2,1.0,20,68.0,2025-08-01,20,HYDERNAGAR CT METERS
MEDCHAL,MEDCHAL,MEDCHAL,MEDCHAL TOWN,HV INDUSTRIAL AREA ,EV CHARGING STATIONS,9,1,1.0,1,54.0,2025-08-01,1,HV INDUSTRIAL AREA 
MEDCHAL,MEDCHAL,QUTBULLAPUR,GAJULARAMARAM,HV GAJULARAMARAM,EV CHARGING STATIONS,9,2,2.0,1,108.0,2025-08-01,1,HV GAJULARAMARAM
MEDCHAL,MEDCHAL,QUTBULLAPUR,PETBASHEERABAD,JEEDIMETLA HV,EV CHARGING STATIONS,9,1,1.0,0,54.0,2025-08-01,0,JEEDIMETLA HV
MEDCHAL,MEDCHAL,QUTBULLAPUR,GAJULARAMARAM,MAHADEVAPURAM,EV CHARGING STATIONS,9,1,1.0,0,54.0,2025-08-01,0,MAHADEVAPURAM
MEDCHAL,MEDCHAL,SHAMEERPET,ALIABAD,MAJEEDPUR,EV CHARGING STATIONS,9,1,1.0,3,54.0,2025-08-01,3,MAJEEDPUR
MEDCHAL,MEDCHAL,SHAMEERPET,ALIABAD,MURAHARIPALLY,EV CHARGING STATIONS,9,1,1.0,0,54.0,2025-08-01,0,MURAHARIPALLY
MEDCHAL,MEDCHAL,QUTBULLAPUR,JAGADGIRI GUTTA,DEVAMMA BASTHI,EV CHARGING STATIONS,9,1,,0,2.0,2025-08-01,0,DEVAMMA BASTHI
MEDCHAL,MEDCHAL,QUTBULLAPUR,QUTHBULLAPUR,QPUR VILLAGE AUTOSTAND,EV CHARGING STATIONS,9,1,,0,2.0,2025-08-01,0,QPUR VILLAGE AUTOSTAND
MEDCHAL,MEDCHAL,QUTBULLAPUR,KOMPALLY,DHOLARI DHANI & POCHAMMA GADDA,EV CHARGING STATIONS,9,1,1.0,8,30.0,2025-08-01,8,DHOLARI DHANI & POCHAMMA GADDA
MEDCHAL,JEEDIMETLA,JEEDIMETLA,JEEDIMETLA(IDA),I D A,EV CHARGING STATIONS,9,1,1.0,0,54.0,2025-08-01,0,I D A
MEDCHAL,JEEDIMETLA,SHAPUR NAGAR,SHAPURNAGAR,IDA JEEDIMETLA,EV CHARGING STATIONS,9,1,1.0,0,54.0,2025-08-01,0,IDA JEEDIMETLA
NAGARKURNOOL,NAGARKURNOOL,NAGARKURNOOL,NAGARKURNOOL,NGKLT-07.EDDAMMA GUDI,EV CHARGING STATIONS,9,1,1.0,0,54.0,2025-08-01,0,NGKLT-07.EDDAMMA GUDI
NAGARKURNOOL,NAGARKURNOOL,ACHAMPET,ACHAMPET,ACHAMPET HV AND STLWW-1,EV CHARGING STATIONS,9,1,1.0,14,54.0,2025-08-01,14,ACHAMPET HV AND STLWW-1
NAGARKURNOOL,NAGARKURNOOL,ACHAMPET,ACHAMPET,ACHAMPET HV AND STLWW-3,EV CHARGING STATIONS,9,1,1.0,0,54.0,2025-08-01,0,ACHAMPET HV AND STLWW-3
NALGONDA,MIRYALGUDA,MIRYALGUDA,MIRYALAGUDA(RURAL),YADAGARPALLY,EV CHARGING STATIONS,9,1,1.0,0,54.0,2025-08-01,0,YADAGARPALLY
NALGONDA,DEVARAKONDA,NAMPALLY,CHINTHAPALLI,CHINTHAPALLY X ROAD,EV CHARGING STATIONS,9,1,1.0,0,54.0,2025-08-01,0,CHINTHAPALLY X ROAD
NALGONDA,DEVARAKONDA,NAMPALLY,CHINTHAPALLI,GODIKONDLA,EV CHARGING STATIONS,9,1,1.0,0,54.0,2025-08-01,0,GODIKONDLA
NALGONDA,MIRYALGUDA,VEMULAPALLY,DAMARACHARLA,DAMERACHERLA,EV CHARGING STATIONS,9,1,1.0,0,54.0,2025-08-01,0,DAMERACHERLA
NALGONDA,MIRYALGUDA,MIRYALGUDA,MIRYALAGUDA(RURAL),GUDUR,EV CHARGING STATIONS,9,2,2.0,0,108.0,2025-08-01,0,GUDUR
NALGONDA,MIRYALGUDA,MIRYALGUDA,MIRYALAGUDA(RURAL),KISTAPURAM,EV CHARGING STATIONS,9,1,1.0,0,54.0,2025-08-01,0,KISTAPURAM
NALGONDA,MIRYALGUDA,HALIA,PEDAVURA,PEDDAVOORA,EV CHARGING STATIONS,9,1,1.0,0,54.0,2025-08-01,0,PEDDAVOORA
NALGONDA,DEVARAKONDA,DEVARAKONDA,DEVARAKONDA,DEVARAKONDA,EV CHARGING STATIONS,9,1,1.0,0,54.0,2025-08-01,0,DEVARAKONDA
NALGONDA,MIRYALGUDA,VEMULAPALLY,MADUGULAPALLY,KOTTAGUDEM,EV CHARGING STATIONS,9,1,1.0,0,43.0,2025-08-01,0,KOTTAGUDEM
NALGONDA,NALGONDA,NALGONDA RURAL,NARKETPALLY,NARKETPALLY TOWN2,EV CHARGING STATIONS,9,1,1.0,0,18.0,2025-08-01,0,NARKETPALLY TOWN2
NALGONDA,MIRYALGUDA,VEMULAPALLY,VEMULAPALLY,SETTI PALEM,EV CHARGING STATIONS,9,1,1.0,0,54.0,2025-08-01,0,SETTI PALEM
NALGONDA,NALGONDA,NALGONDA RURAL,THIPPARTHY,A.D.PALLY,EV CHARGING STATIONS,9,1,1.0,40,54.0,2025-08-01,40,A.D.PALLY
NALGONDA,NALGONDA,NAKREKAL,KATTANGUR,PAMANGUNDLA,EV CHARGING STATIONS,9,2,2.0,47,48.0,2025-08-01,47,PAMANGUNDLA
NALGONDA,NALGONDA,NALGONDA RURAL,CHITYAL,VELIMINEDU,EV CHARGING STATIONS,9,1,1.0,37,54.0,2025-08-01,37,VELIMINEDU
NALGONDA,NALGONDA,NAKREKAL,KATTANGUR,KATTANGUR,EV CHARGING STATIONS,9,2,2.0,28,108.0,2025-08-01,28,KATTANGUR
NALGONDA,NALGONDA,NALGONDA RURAL,THIPPARTHY,J.R.GUDA,EV CHARGING STATIONS,9,1,1.0,35,54.0,2025-08-01,35,J.R.GUDA
NALGONDA,NALGONDA,NAKREKAL,KETHAPALLI,CHEEKATIGUDEM,EV CHARGING STATIONS,9,1,1.0,16,54.0,2025-08-01,16,CHEEKATIGUDEM
NALGONDA,NALGONDA,NAKREKAL,KETHAPALLI,INUPAMULA,EV CHARGING STATIONS,9,1,1.0,31,54.0,2025-08-01,31,INUPAMULA
NALGONDA,NALGONDA,NALGONDA RURAL,CHITYAL,CHITYALA(HQ)- A,EV CHARGING STATIONS,9,1,1.0,0,54.0,2025-08-01,0,CHITYALA(HQ)- A
NALGONDA,NALGONDA,NALGONDA RURAL,CHITYAL,GUNDRAMPALLY,EV CHARGING STATIONS,9,3,3.0,33,104.0,2025-08-01,33,GUNDRAMPALLY
NALGONDA,NALGONDA,NALGONDA RURAL,THIPPARTHY,THIPPARTHY,EV CHARGING STATIONS,9,1,1.0,19,54.0,2025-08-01,19,THIPPARTHY
RAJENDRA NAGAR,SHADNAGAR,KOTHUR,KOTHUR,THIMMAPUR-KT,EV CHARGING STATIONS,9,1,1.0,0,54.0,2025-08-01,0,THIMMAPUR-KT
RAJENDRA NAGAR,RAJENDRA NAGAR,SHAMSHABAD,SHAPOOR,PALMAKOLE,EV CHARGING STATIONS,9,1,1.0,0,54.0,2025-08-01,0,PALMAKOLE
RAJENDRA NAGAR,RAJENDRA NAGAR,RAJENDRANAGAR,RAJENDERNAGAR,UPPER PALLY VILLAGE,EV CHARGING STATIONS,9,1,1.0,0,5.0,2025-08-01,0,UPPER PALLY VILLAGE
RAJENDRA NAGAR,RAJENDRA NAGAR,RAJENDRANAGAR,SHIVARAM PALLY,HV SHIVARAMPALLY,EV CHARGING STATIONS,9,1,,0,54.0,2025-08-01,0,HV SHIVARAMPALLY
RAJENDRA NAGAR,KANDUKUR,MAMIDIPALLY,BALAPUR,SHAHEEN NAGAR II,EV CHARGING STATIONS,9,1,1.0,0,15.0,2025-08-01,0,SHAHEEN NAGAR II
RAJENDRA NAGAR,RAJENDRA NAGAR,GAGANPAHAD,SHASTRIPURAM,BABUL REDDY NAGAR,EV CHARGING STATIONS,9,1,1.0,0,54.0,2025-08-01,0,BABUL REDDY NAGAR
RAJENDRA NAGAR,RAJENDRA NAGAR,GAGANPAHAD,SHASTRIPURAM,SHASTRIPURAM,EV CHARGING STATIONS,9,1,1.0,0,5.0,2025-08-01,0,SHASTRIPURAM
RAJENDRA NAGAR,KANDUKUR,MAMIDIPALLY,KANDUKUR,HV-2,EV CHARGING STATIONS,9,1,1.0,67,15.0,2025-08-01,67,HV-2
RAJENDRA NAGAR,KANDUKUR,AMANGAL,KADTHAL,KADTHAL,EV CHARGING STATIONS,9,1,,0,54.0,2025-08-01,0,KADTHAL
SANGAREDDY,JOGIPET,JOGIPET,ANDOLE,ANDOLE,EV CHARGING STATIONS,9,1,1.0,48,30.0,2025-08-01,48,ANDOLE
SANGAREDDY,PATANCHERU,PATANCHERU,AMEENPUR,AE AMEEN PUR SERVICES  (VIJAY),EV CHARGING STATIONS,9,1,1.0,0,54.0,2025-08-01,0,AE AMEEN PUR SERVICES  (VIJAY)
SANGAREDDY,PATANCHERU,RC PURAM,BEERAMGUDA,ASHOK NAGAR-2(BEERAMGUDA),EV CHARGING STATIONS,9,1,1.0,0,54.0,2025-08-01,0,ASHOK NAGAR-2(BEERAMGUDA)
SANGAREDDY,JOGIPET,JOGIPET,HATHNOORA,PALPANOOR,EV CHARGING STATIONS,9,1,1.0,0,54.0,2025-08-01,0,PALPANOOR
SANGAREDDY,SANGAREDDY,ISNAPUR,ISNAPUR,ISNP HV-2,EV CHARGING STATIONS,9,4,2.0,0,184.0,2025-08-01,0,ISNP HV-2
SANGAREDDY,SANGAREDDY,SANGAREDDY,SANGAREDDY TOWN-II,SHANTHI NAGAR,EV CHARGING STATIONS,9,1,1.0,0,54.0,2025-08-01,0,SHANTHI NAGAR
SANGAREDDY,SANGAREDDY,ISNAPUR,ISNAPUR,RUDRARAM,EV CHARGING STATIONS,9,1,1.0,0,54.0,2025-08-01,0,RUDRARAM
SANGAREDDY,SANGAREDDY,ISNAPUR,KOLLUR,NANDIGAMA,EV CHARGING STATIONS,9,1,1.0,0,54.0,2025-08-01,0,NANDIGAMA
SANGAREDDY,ZAHEERABAD,ZAHEERABAD TOWN,KOHEER,KOHEER,EV CHARGING STATIONS,9,1,1.0,0,54.0,2025-08-01,0,KOHEER
SANGAREDDY,SANGAREDDY,SANGAREDDY,KANDI,NEW KANDI,EV CHARGING STATIONS,9,1,1.0,0,54.0,2025-08-01,0,NEW KANDI
SANGAREDDY,SANGAREDDY,SANGAREDDY,KANDI,OLD KANDI,EV CHARGING STATIONS,9,1,1.0,0,54.0,2025-08-01,0,OLD KANDI
SANGAREDDY,SANGAREDDY,SANGAREDDY,SANGAREDDY TOWN-I,FASALWADI,EV CHARGING STATIONS,9,1,1.0,0,54.0,2025-08-01,0,FASALWADI
SANGAREDDY,SANGAREDDY,ISNAPUR,ISNAPUR,AKHIL FORM (CHITKUL),EV CHARGING STATIONS,9,1,1.0,11,7.0,2025-08-01,11,AKHIL FORM (CHITKUL)
SANGAREDDY,SANGAREDDY,SADASIVPET,MUNIPALLY,BUDHERA,EV CHARGING STATIONS,9,2,,0,108.0,2025-08-01,0,BUDHERA
SANGAREDDY,SANGAREDDY,SADASIVPET,SADASIVPET,PEDDAPUR,EV CHARGING STATIONS,9,1,1.0,13,31.0,2025-08-01,13,PEDDAPUR
SAROORNAGAR,SAROORNAGAR,L B NAGAR,BANDLAGUDA,BANDLAGUDA,EV CHARGING STATIONS,9,1,1.0,0,18.0,2025-08-01,0,BANDLAGUDA
SAROORNAGAR,SAROORNAGAR,L B NAGAR,L.B.NAGAR,KRISHNA NAGAR-,EV CHARGING STATIONS,9,1,1.0,0,7.0,2025-08-01,0,KRISHNA NAGAR-
SAROORNAGAR,SAROORNAGAR,L B NAGAR,L.B.NAGAR,MANIPURI & MASS COLONY,EV CHARGING STATIONS,9,1,1.0,28,13.0,2025-08-01,28,MANIPURI & MASS COLONY
SAROORNAGAR,IBRAHIMPATNAM,TURKAYAMJAL,ABDULLAPURMET,BATA SINGARAM,EV CHARGING STATIONS,9,1,1.0,0,30.0,2025-08-01,0,BATA SINGARAM
SAROORNAGAR,IBRAHIMPATNAM,TURKAYAMJAL,ABDULLAPURMET,BATASINGARAM,EV CHARGING STATIONS,9,1,1.0,0,54.0,2025-08-01,0,BATASINGARAM
SAROORNAGAR,SAROORNAGAR,L B NAGAR,L.B.NAGAR,JINKALA BAVI,EV CHARGING STATIONS,9,1,1.0,26,54.0,2025-08-01,26,JINKALA BAVI
SAROORNAGAR,IBRAHIMPATNAM,TURKAYAMJAL,ABDULLAPURMET,JAFFAR GUDA,EV CHARGING STATIONS,9,1,1.0,0,54.0,2025-08-01,0,JAFFAR GUDA
SAROORNAGAR,SAROORNAGAR,SAROORNAGAR,RAMAKRISHNAPURAM,NEW INDIRA NAGAR,EV CHARGING STATIONS,9,1,1.0,11,54.0,2025-08-01,11,NEW INDIRA NAGAR
SAROORNAGAR,SAROORNAGAR,SAROORNAGAR,RAMAKRISHNAPURAM,NEW NAGOLE,EV CHARGING STATIONS,9,1,1.0,31,54.0,2025-08-01,31,NEW NAGOLE
SAROORNAGAR,IBRAHIMPATNAM,IBRAHIMPATNAM,ADIBATLA,CHINTA PALLY GUDA,EV CHARGING STATIONS,9,1,1.0,1,54.0,2025-08-01,1,CHINTA PALLY GUDA
SAROORNAGAR,IBRAHIMPATNAM,TURKAYAMJAL,ABDULLAPURMET,KOTHA GUDA,EV CHARGING STATIONS,9,1,1.0,3,54.0,2025-08-01,3,KOTHA GUDA
SAROORNAGAR,IBRAHIMPATNAM,TURKAYAMJAL,ABDULLAPURMET,OUTER RING ROAD,EV CHARGING STATIONS,9,1,1.0,0,54.0,2025-08-01,0,OUTER RING ROAD
SAROORNAGAR,IBRAHIMPATNAM,IBRAHIMPATNAM,ADIBATLA,M. P. PATEL GUDA,EV CHARGING STATIONS,9,1,1.0,0,54.0,2025-08-01,0,M. P. PATEL GUDA
SAROORNAGAR,IBRAHIMPATNAM,IBRAHIMPATNAM,ADIBATLA,MANGAL PALLY,EV CHARGING STATIONS,9,1,1.0,29,54.0,2025-08-01,29,MANGAL PALLY
SAROORNAGAR,SAROORNAGAR,HAYATHNAGAR,AUTONAGAR,SARSWATHI NAGAR COLONY,EV CHARGING STATIONS,9,1,1.0,0,54.0,2025-08-01,0,SARSWATHI NAGAR COLONY
SAROORNAGAR,SAROORNAGAR,HAYATHNAGAR,PEDDA AMBERPET,SAI COLONY PHASE III,EV CHARGING STATIONS,9,1,1.0,0,54.0,2025-08-01,0,SAI COLONY PHASE III
SAROORNAGAR,SAROORNAGAR,HAYATHNAGAR,HAYATH NAGAR,R K PURAM,EV CHARGING STATIONS,9,1,1.0,0,30.0,2025-08-01,0,R K PURAM
SAROORNAGAR,CHAMPAPET,VANASTHALIPURAM,BN REDDY NAGAR,PHASE5,EV CHARGING STATIONS,9,1,1.0,0,54.0,2025-08-01,0,PHASE5
SAROORNAGAR,CHAMPAPET,VANASTHALIPURAM,VANASTHALIPURAM,NGOS COLONY SECTOR III,EV CHARGING STATIONS,9,1,1.0,0,54.0,2025-08-01,0,NGOS COLONY SECTOR III
SAROORNAGAR,CHAMPAPET,VANASTHALIPURAM,BAIRAMALGUDA,VIVEKANANDA NAGAR,EV CHARGING STATIONS,9,1,1.0,0,54.0,2025-08-01,0,VIVEKANANDA NAGAR
SECUNDERABAD,BOWENPALLY,RR NAGAR,RANGA REDDY NAGAR,GIRI NAGAR (GRP-B),EV CHARGING STATIONS,9,1,,0,2.0,2025-08-01,0,GIRI NAGAR (GRP-B)
SECUNDERABAD,BOWENPALLY,RR NAGAR,RANGA REDDY NAGAR,ASBESTOS CLY-II 415-812(GRP-B),EV CHARGING STATIONS,9,1,1.0,0,2.0,2025-08-01,0,ASBESTOS CLY-II 415-812(GRP-B)
SIDDIPET,GAJWEL,GAJWEL,GAJWEL,GAJWEL,EV CHARGING STATIONS,9,2,2.0,0,108.0,2025-08-01,0,GAJWEL
SIDDIPET,GAJWEL,GAJWEL,PREGNAPUR,KODAKANDLA,EV CHARGING STATIONS,9,1,1.0,0,54.0,2025-08-01,0,KODAKANDLA
SIDDIPET,GAJWEL,MULUGU,MULUGU,CH.TIMMAPUR,EV CHARGING STATIONS,9,1,1.0,0,54.0,2025-08-01,0,CH.TIMMAPUR
SIDDIPET,GAJWEL,TUKKAPUR,KONDAPAK,THIMMAREDDY PALLY,EV CHARGING STATIONS,9,1,1.0,0,54.0,2025-08-01,0,THIMMAREDDY PALLY
SIDDIPET,GAJWEL,TUKKAPUR,KONDAPAK,VELKATTA,EV CHARGING STATIONS,9,1,1.0,0,54.0,2025-08-01,0,VELKATTA
SIDDIPET,SIDDIPET,SIDDIPET TOWN,SIDDIPET TOWN-I,AE TOWN-1-HV,EV CHARGING STATIONS,9,1,1.0,0,54.0,2025-08-01,0,AE TOWN-1-HV
SIDDIPET,SIDDIPET,DUBBAK,AKBARPET-BHOMPALLY,BHOOMPALLY,EV CHARGING STATIONS,9,1,1.0,0,54.0,2025-08-01,0,BHOOMPALLY
SURYAPET,HUZURNAGAR,KODAD,KODAD - RURAL,DORAKUNTA,EV CHARGING STATIONS,9,2,2.0,16,72.0,2025-08-01,16,DORAKUNTA
SURYAPET,HUZURNAGAR,HUZURNAGAR,HUZURNAGAR TOWN,REDDY BAZAR,EV CHARGING STATIONS,9,1,1.0,95,30.0,2025-08-01,95,REDDY BAZAR
SURYAPET,HUZURNAGAR,MUNAGALA,MUNAGALA,MUKUNDAPURAM,EV CHARGING STATIONS,9,1,1.0,0,54.0,2025-08-01,0,MUKUNDAPURAM
SURYAPET,HUZURNAGAR,MUNAGALA,MUNAGALA,TADVAI,EV CHARGING STATIONS,9,1,1.0,0,54.0,2025-08-01,0,TADVAI
SURYAPET,SURYAPET,SURYAPET RURAL,CHIVEMLA,DURAJPALLY,EV CHARGING STATIONS,9,2,2.0,0,108.0,2025-08-01,0,DURAJPALLY
SURYAPET,SURYAPET,SURYAPET,SURYAPET RURAL,PILLALAMARRY,EV CHARGING STATIONS,9,1,1.0,19,18.0,2025-08-01,19,PILLALAMARRY
SURYAPET,SURYAPET,SURYAPET,SURYAPET TOWN-I,LI A,EV CHARGING STATIONS,9,3,3.0,0,162.0,2025-08-01,0,LI A
SURYAPET,SURYAPET,SURYAPET,SURYAPET TOWN-I,LI B,EV CHARGING STATIONS,9,1,1.0,13,15.0,2025-08-01,13,LI B
SURYAPET,SURYAPET,SURYAPET RURAL,CHIVEMLA,UNDRUGONDA,EV CHARGING STATIONS,9,1,1.0,0,54.0,2025-08-01,0,UNDRUGONDA
SURYAPET,HUZURNAGAR,MUNAGALA,ANANTHAGIRI,SHANTHINAGAR,EV CHARGING STATIONS,9,1,1.0,0,54.0,2025-08-01,0,SHANTHINAGAR
SURYAPET,HUZURNAGAR,MUNAGALA,MOTHY,HUSSAINABAD,EV CHARGING STATIONS,9,1,1.0,0,54.0,2025-08-01,0,HUSSAINABAD
SURYAPET,HUZURNAGAR,KODAD,KODAD - RURAL,NALLABANDAGUDEM  A,EV CHARGING STATIONS,9,1,1.0,0,55.0,2025-08-01,0,NALLABANDAGUDEM  A
SURYAPET,HUZURNAGAR,KODAD,KODAD - RURAL,THAMMARA,EV CHARGING STATIONS,9,1,1.0,0,54.0,2025-08-01,0,THAMMARA
SURYAPET,HUZURNAGAR,KODAD,KODAD - TOWN,BALAJI NAGAR ,EV CHARGING STATIONS,9,1,1.0,0,54.0,2025-08-01,0,BALAJI NAGAR 
VIKARABAD,VIKARABAD,PARGI,PUDUR,GANGU PALLY,EV CHARGING STATIONS,9,1,1.0,0,54.0,2025-08-01,0,GANGU PALLY
WANAPARTHY,WANAPARTHY,WANAPARTHY,WANAPARTHY RURA,NAGAVARAM,EV CHARGING STATIONS,9,1,1.0,1,54.0,2025-08-01,1,NAGAVARAM
WANAPARTHY,WANAPARTHY,KOTHAKOTA,KOTHAKOTA,PALEM,EV CHARGING STATIONS,9,1,1.0,0,54.0,2025-08-01,0,PALEM
YADADRI,BHONGIR,BHONGIR,BHONGIR _ RURAL,JAMMAPUR,EV CHARGING STATIONS,9,1,1.0,0,54.0,2025-08-01,0,JAMMAPUR
YADADRI,BHONGIR,BHONGIR,M.T.PALLY,MULAKALAPALLY,EV CHARGING STATIONS,9,1,1.0,0,54.0,2025-08-01,0,MULAKALAPALLY
YADADRI,BHONGIR,ALER,ALAIR,"JMJ SCHOOL,BERAPA TEMPLE,MILK ",EV CHARGING STATIONS,9,1,1.0,0,54.0,2025-08-01,0,"JMJ SCHOOL,BERAPA TEMPLE,MILK "
YADADRI,BHONGIR,BHONGIR,M.T.PALLY,VASALAMARRY,EV CHARGING STATIONS,9,1,1.0,0,54.0,2025-08-01,0,VASALAMARRY
YADADRI,BHONGIR,ALER,ALAIR,TANGUTOOR,EV CHARGING STATIONS,9,1,1.0,0,54.0,2025-08-01,0,TANGUTOOR
YADADRI,BHONGIR,BIBINAGAR,BIBINAGAR,BIBINAGR HQ,EV CHARGING STATIONS,9,1,1.0,0,54.0,2025-08-01,0,BIBINAGR HQ
YADADRI,BHONGIR,BHONGIR,BHONGIR - TOWN,BHONGIR(T),EV CHARGING STATIONS,9,1,1.0,0,54.0,2025-08-01,0,BHONGIR(T)
YADADRI,BHONGIR,BHONGIR,BHONGIR - TOWN,HANUMAPUR,EV CHARGING STATIONS,9,1,1.0,0,54.0,2025-08-01,0,HANUMAPUR
YADADRI,BHONGIR,BIBINAGAR,BIBINAGAR,GUDOOR,EV CHARGING STATIONS,9,1,1.0,0,54.0,2025-08-01,0,GUDOOR
YADADRI,BHONGIR,BHONGIR,BHONGIR - TOWN,PAGIDIPALLY,EV CHARGING STATIONS,9,2,2.0,0,108.0,2025-08-01,0,PAGIDIPALLY
YADADRI,CHOUTUPPAL,CHOUTUPPAL,CHOUTUPPAL,LAKKARAM,EV CHARGING STATIONS,9,1,1.0,0,54.0,2025-08-01,0,LAKKARAM
YADADRI,CHOUTUPPAL,CHOUTUPPAL,CHOUTUPPAL,MALKAPOOR,EV CHARGING STATIONS,9,1,1.0,36,54.0,2025-08-01,36,MALKAPOOR
YADADRI,CHOUTUPPAL,CHOUTUPPAL,CHOUTUPPAL,PANTHANGI,EV CHARGING STATIONS,9,2,2.0,0,108.0,2025-08-01,0,PANTHANGI
YADADRI,CHOUTUPPAL,CHOUTUPPAL,CHOUTUPPAL,TOOFRAN PET,EV CHARGING STATIONS,9,2,2.0,0,108.0,2025-08-01,0,TOOFRAN PET
